12	-0.322210281491588
11	0.968781985557169
9	-0.015648613011793
9	0.829853563289017
8	-1.30125131790246
8	-0.876012651061312
7	-0.259324506972709
5	0.777836402427355
5	0.702516679376372
4	-0.160895018710718
3	-1.57394147168767
3	-0.456175263216865
3	1.51425511960506
3	0.172215373800138
11	1.3360790981646
10	-0.973792173132031
8	-0.399323872540135
8	-0.720393398378167
7	-1.95735499125958
7	0.504405124366039
7	-0.382156797915384
6	0.0885177472919663
6	2.24031352302422
5	0.316102086113938
4	0.293619808031663
3	0.241537775611629
3	0.6741010522491
3	-1.26165498162786
10	0.376996323122045
9	-0.0580671274443927
7	0.431415719367417
7	1.45494390512734
6	-0.095845509912909
6	-0.972051808537891
6	0.0747268207660617
6	-1.0633933033677
5	1.6366051926073
5	1.22487775424587
5	0.626921400165948
4	-0.574177842734925
4	-2.09357295095021
1	-0.969378572453955
13	0.266991888872603
10	1.01837001905983
9	-0.0932523623587771
8	0.375089251802989
8	0.252385447964603
7	0.195371664332317
7	-0.883312245055482
6	-0.306952839657483
6	0.338857524217582
4	0.363459367175303
3	-1.13220796762174
2	0.0696146750670254
2	0.0926062886590167
1	-0.557020712457781
9	-0.842307029428204
7	0.0150791217595774
7	0.0324511122572764
7	0.0630176063568067
6	-1.79580444906287
6	0.581754093755378
5	0.574655815424268
5	-0.599155491924604
5	0.319722964225231
5	1.01912953314681
4	0.920983504718429
4	-0.3494269063355
3	0.508396086510187
2	-0.448495961402783
9	1.6420649339002
8	0.186408273847092
8	-0.421564937762021
8	0.143326334998927
6	0.576933483146881
6	-0.155496278593594
6	1.53358142406074
5	0.486448392286383
5	-3.59923184186616
5	0.060038425196686
4	1.72967334980362
3	-0.244866417551696
2	-2.38860277163312
2	0.451287630166068
8	1.69103732302001
8	0.625530335347288
8	0.915580261066198
7	1.48339146967175
6	-1.80573344832786
5	-0.457818785370361
5	0.396018133485755
5	1.0590747572017
4	-0.446477668813353
4	-0.331647231896518
4	-1.65500423111208
3	0.134942761002746
1	-0.173576416207775
0	-1.4353172590675
12	-0.0274787914523065
11	0.158473353504043
10	-0.461278109296922
9	0.204663472764442
8	0.313301005721838
7	0.616935529037393
6	0.897930639293645
5	-0.568383864787693
5	0.461993551042606
4	-0.252012981790524
4	0.916021760772337
3	0.199421766047481
3	-1.68738288918487
2	-0.772204441671466
12	0.548754665901153
10	-0.431141175428669
9	-0.0387247342117248
8	0.823588678894721
7	0.321977539389341
7	0.45399288711161
7	2.1463335753982
6	-0.860734186780012
6	-0.373441713963707
6	0.26092201114838
5	-1.59022213406073
4	-0.813567829757909
3	-0.800645074781076
0	0.352907491140427
10	-2.08202535779576
9	1.27583428320747
9	0.8375912351454
8	0.84425851108909
8	0.123647698081553
7	0.48783914602178
6	-0.587180866041601
6	-1.02251347420708
6	0.28659663182853
5	-0.170861058040115
3	1.30943533194204
3	-0.481320868026464
3	-0.268512787199425
3	-0.552788426005425
4	-0.579452034682713
3	-0.228912072129981
3	0.457184916154854
3	0.341165514871689
3	-0.0194705161197415
2	-0.163270216984912
2	0.0586916716791184
2	-0.0578358133441265
2	0.0160288804217507
1	0.0718103452336285
1	-0.936238139338553
0	0.19089172488279
0	0.367282888679314
0	0.482122850676882
13	1.43344967448027
10	-0.8758366282198
9	-0.0691111693900008
9	0.374342013217112
8	-0.155043050524533
6	-1.60524125465116
5	-0.178128462747215
5	-0.271877605392962
5	-0.240820312223444
5	2.31581670233233
4	-0.636221728152643
3	0.0987545553699088
2	-0.366075292222167
2	0.175992558124299
9	0.0423022931099405
8	1.04095050777849
8	0.678613014586411
6	1.01936287254188
6	-0.559685665859739
5	0.00610505568051005
4	2.0163252282046
4	-0.900068211629527
4	0.748751474855242
4	-1.85649133778816
4	0.586944093899555
3	-0.162519773709548
3	-0.45041141240508
3	-2.21017813926459
11	-0.264739253578572
9	-0.63077047951768
7	0.124819554254772
6	0.527538439610859
6	-0.770393826334136
6	0.274120388355464
6	1.03089577894715
6	0.436979985148697
6	-2.75934757841502
6	2.00524644631711
5	0.668686681380143
4	-0.913963297168253
3	-1.13665324573381
3	1.40758040673328
7	0.516304235066784
7	0.548345919706191
7	0.251978925687034
7	0.232745631198355
7	-0.497629996741024
6	0.0659247946394115
5	-0.160043049915965
4	-0.109983232815996
4	0.45221366482671
4	0.618223544351488
3	1.25781270721633
3	-2.55897657768723
2	-0.337929014853893
1	-0.278987550678201
13	1.98677952591721
9	0.909154536852819
8	-0.125253944417638
7	-1.26719610517227
7	0.573168245255211
7	-0.595386761534738
6	-0.312597184214821
6	-0.101894720266702
6	-0.488707045178528
5	-0.839909949543869
4	0.300569727782545
4	0.276009029469978
3	0.238351940188486
2	-0.553087295137677
11	0.741464209949596
9	0.370615568078685
8	0.240816851825679
8	0.117241204639563
8	-0.463052875561104
6	0.464125339830728
6	2.7441746056791
6	0.383857631395635
6	-1.20130178701154
5	-1.72745955199327
5	0.421131908472012
4	0.298912407574538
3	-1.30139807372318
3	-1.08912743915644
12	1.00655966125272
10	-0.644768624316664
10	0.290242640329282
10	0.688882448024588
6	0.206260069852962
6	0.184769579856919
5	-1.21305763232084
5	-0.578697118624446
5	-0.279553819234159
5	2.30463547148796
4	-0.96408577994589
4	-0.820820341293924
3	-0.170655272673932
3	-0.00971128239457245
12	0.910990377753793
11	1.14015320662202
9	0.0948850044852082
7	0.436496466664603
7	-0.219764402600218
7	2.60917609931296
7	-0.713052915573726
6	-1.04711169136824
5	0.212307513150901
4	-1.14339740140722
4	0.551772286248388
3	-0.431296620679026
2	0.21639233772356
0	-2.61755026033301
11	-0.181026138921293
8	0.403264585281518
8	0.814460290407311
7	1.49233153228507
6	-0.268507991079388
5	-0.28187611315482
5	-1.60850762077355
5	0.0736145141781233
5	1.50002493243312
5	-1.20200876907042
5	0.598322869948176
4	0.50862174443545
3	-0.0587537594426645
2	-1.78996007652665
11	0.546657881663249
10	0.675692193176022
10	-0.404416902197451
9	0.960906448378125
8	1.3353603493269
7	-0.468017996347997
7	0.196641848598265
5	0.148400110518101
5	0.0813001828037813
5	1.27027604863007
4	-0.454693497562346
4	-0.911676061288073
3	-1.12353190428856
1	-1.85289870141009
10	1.23972850607565
9	-0.294738770375902
9	-0.35950593114784
9	0.269147265084033
9	-0.866580068144327
8	-0.626991369415545
7	0.196973483456498
6	-0.236445569290114
6	0.729485006294877
5	0.399626720039478
4	-0.817568394143993
4	1.45730827616141
2	-0.504514039066325
1	-0.585925115527896
12	2.09215423663166
11	0.814023895916962
10	-0.481066393114035
9	2.51392353568692
9	0.788037322628858
8	0.064959632867795
6	-0.730586133187188
6	-0.119751430392259
5	-0.706499195261869
4	-1.64295474340163
4	-0.748287504311459
2	-0.869769583650576
2	0.192172580040866
0	-1.16635622045405
9	-2.03815579891281
9	0.281549478902364
9	0.267684439052636
8	-0.448461382983081
7	0.678691307400579
7	0.499178370346711
6	0.615336403291148
6	2.46265881738231
6	-0.201968785769144
5	-0.620793231641156
4	0.129712663806912
4	-0.5378367289341
3	0.51598011043982
0	-1.60357566238219
11	-0.552126100600298
9	1.19055680477806
8	-0.992768715967033
7	0.6036016018781
7	0.547334495495556
6	2.33962146139192
6	-0.0188792883694318
6	1.08508707517177
5	-1.89122992554217
5	-0.954120924189713
5	-1.48134437066132
4	-0.215487753576143
4	-0.487615490550608
1	0.827371130741306
13	-0.19887626022454
10	0.0973143437354662
9	0.398099711624201
8	-0.642515375024934
7	-0.822764616270357
7	0.0638156743227185
6	0.854541272658494
6	-0.366480512660236
5	-0.490915420717116
5	1.10593289353915
4	-0.376817828995517
3	-1.20287918994539
2	2.04596263042079
2	-0.464417322462733
12	0.155064280366226
10	1.09556482048254
9	0.342523575738822
8	-0.586002476808048
8	-0.460487261589018
8	-0.615112512804652
7	0.142170002037389
6	-0.566480938061106
5	0.48122744978342
4	-1.43151450039494
3	0.347821294947095
2	1.49500007721752
2	0.519173163455775
2	-0.918946974371025
10	1.74029196488614
10	1.56294743768763
8	0.90450927877701
8	-0.892053887789116
7	1.57810974073148
7	-0.252695627003388
7	-1.56101142500311
7	-0.765505229276368
7	-0.591112969203691
6	-0.313673819265287
4	-0.639367612048742
3	-0.0201738670624361
3	-0.762659882010949
3	0.0123958965808295
8	0.557856907908512
7	-0.550157973125181
6	0.77273717461448
6	-0.265999403474322
5	1.00003115115877
4	0.596158284097834
3	-0.126425160427204
3	0.456896913369957
3	0.287985362030994
2	-0.801407563586325
1	-0.534986250916785
1	0.482256332574678
1	-2.90647654352009
1	1.03153076929469
11	-0.323278522027386
11	1.23036909359771
9	-0.335453247368343
9	0.126913570116982
8	0.036723918699007
8	0.174802083724327
6	0.216171451439021
5	-1.41986459687209
5	2.35966181158189
5	-0.763604139365399
4	-0.263382433091855
4	-0.417344187949203
2	-0.292276842399787
2	-0.329437960084872
10	3.06182496955962
10	0.741253616100602
9	-1.18605179312115
7	0.528301289615947
7	0.107533566747431
7	-0.663741949968065
6	-0.419126113071248
5	-0.867298171459305
5	-0.0155662386331089
4	-0.117119081526328
4	-0.695983027521185
4	-0.25302031190219
4	-0.309602776621419
3	0.0885960218004058
9	-0.552208241383292
8	-0.40996546713164
8	0.0489643498852214
8	-1.10318235216456
7	-0.879830298525661
7	0.622403252017382
7	-0.460383119006061
6	0.00259019337673981
5	-0.376012212907278
5	0.29132859724872
4	0.0941215231652474
4	-0.610066676090843
3	0.859293796907215
3	2.47294665460881
13	0.182239091608003
11	-0.171369551541149
9	-1.25237723421104
7	0.0985306046844909
6	-0.908067961594187
6	2.34898250605949
6	-0.52631503169451
5	0.944493515276269
5	-0.00745074831708258
4	-0.175890369515808
4	0.71614785305792
3	-0.142970298413314
3	-1.3764537888109
3	0.270501413411816
10	1.45899342321369
9	-0.508528446226194
7	1.62409000251374
7	-0.788420479740473
7	1.02523559008557
7	0.198321146881145
7	-1.132707686923
6	1.43890283241478
5	-4.14809673196157
5	0.212761790184645
5	-0.908372537777338
4	1.53723471383356
4	0.324016366760367
3	-0.33342998325891
12	0.3312769219418
12	-0.257858274168433
12	0.294492823838257
10	0.0347533251495109
8	-0.0179652409326113
8	0.0475107140869617
7	-0.172666894060436
6	-0.352452609235128
5	1.71867906207785
3	-0.287869010232628
3	-0.442247748472379
2	-0.981689018094528
1	1.09516073516761
0	-1.00912478706584
9	-1.78830556759226
9	0.788724989759679
9	-0.439092428631679
7	-1.29483510797328
7	-0.0602371800308106
7	-0.746234658985005
7	-0.334039545316084
6	0.26792044223729
5	1.71225126959461
5	3.71267308201673
4	-1.12018629972176
4	0.21352404760049
3	2.28183461318116
2	-3.19399765613908
10	1.43348122898444
9	0.666888642864016
8	-0.990309088978642
8	-0.538682007928502
7	-0.313505135572305
6	-1.13516686119814
6	0.19842319439603
6	-0.508258677850304
5	0.695141598125033
5	-0.671596313451703
5	0.238621233249106
4	0.0305826190974789
3	0.773941824131153
1	0.120437744132335
10	0.193689337461732
9	0.459678639887819
9	-0.994781839678898
8	-0.128322643435139
8	-0.656051105790124
7	2.7726210672589
7	-0.754896842751769
6	0.439651479026975
6	0.705167760474293
4	-1.36242545427886
4	-0.332543068108521
3	-0.439476292576363
3	0.317192074827537
2	-0.219503112317584
13	1.17341095840397
10	0.572357131429704
9	-0.494227529556529
8	-0.336119082907824
7	-1.30787952783346
6	0.495994839339143
6	0.69969046475689
5	1.87227717976608
5	-0.146187572752795
5	0.395084251993722
5	-0.171130583408947
3	-0.702964091957948
3	-1.26114472329642
2	-0.789161713975578
10	0.405945186882486
10	-0.573150654897087
8	-0.887183946721877
8	0.754975712035189
7	-0.282699309056295
7	-2.02234868631348
6	0.928790807288219
5	-0.247815347560791
5	2.19440354035819
4	0.609978766171592
4	-0.297181136541255
4	0.162156105898393
2	-1.1717533526574
2	0.425882315114113
12	0.351709705267507
11	-0.094873464273336
11	0.812852391298697
10	0.900869558393001
8	0.236061411403085
7	0.376606109613088
7	0.0405933754959316
5	1.00828298969317
4	-1.08933231149516
4	-0.368215340914059
3	-1.43935918366295
3	-0.684094135902122
3	-0.909640058191466
3	0.858538953274609
12	0.34233389776958
11	1.75477464754274
8	-1.14788020921296
8	1.72242847341358
7	0.119999812809154
6	-0.703833569544367
6	-0.919888637363676
6	-1.51130907113319
6	0.626082834545193
5	0.430634138967862
4	0.329283095067005
4	-0.245121016987782
3	-0.237985086497385
2	-0.559519309375756
13	0.560830069905893
10	1.72208178906074
8	-0.394359962256856
7	-0.25851642170876
7	0.156175311114155
7	-0.528557559705574
6	-0.0241867290307293
6	-1.09846455498909
6	-0.171060710893342
5	0.701869404227736
5	2.08008028760872
4	-1.25919049367296
3	-0.435285318218166
2	-1.05141511144176
9	2.32865572402335
9	1.53645412306806
8	0.288017258849807
8	-0.0918289725312018
7	0.487358133026919
6	-2.40288096053498
6	1.49247170402509
6	-1.06582061793644
6	-1.99924084616079
5	0.750933435922612
5	1.48117002899028
4	-1.10221723798256
2	-0.217173317832915
2	-1.48589845492724
11	0.573201962539878
9	0.517930208995571
8	1.7231951035943
7	-0.223544085180603
7	0.176292266680159
7	-0.0393467516621555
7	1.2427393020498
6	-1.39454128451223
6	0.268706770832884
4	-2.46731604628843
4	0.76089690074434
4	1.10924776671272
3	-1.99020189856548
2	-0.257260215940757
10	0.378254920905438
9	0.296679871371891
8	-0.472720447414713
7	0.357528797304542
7	-1.49155265988003
6	0.854741512581325
5	0.726740199117552
5	-0.792780215889733
5	-2.18308583141349
5	0.933124961463742
5	-0.0126164184450251
4	0.628052452077793
4	-0.274223023898886
3	1.05185588211959
13	0.259293808524732
12	-0.520838311822572
10	-0.247221655735045
8	1.97446205328617
8	0.652725796293213
7	-1.22511297423481
7	-0.298698761782848
5	-0.0757154707117934
4	1.08623294740279
4	0.451433152764261
4	-0.541432310283011
4	-1.03802126952155
1	-0.134372028302411
1	-0.342734975877117
1	0.0464836066539655
1	0.279017056099974
0	-0.0858100821869445
0	0.346305461124344
0	-0.194619013826313
0	-1.51772032649174
0	0.479598171272473
0	0.772544362386037
0	-0.218622886733481
0	1.221661813136
0	0.489728413012579
0	-0.828663995447147
0	-1.22897157350897
0	0.439068994509226
10	0.802691845200073
8	1.46387531693182
8	-1.14411952810366
7	0.245687794197987
7	-0.542343238395518
6	-0.205152258191196
6	-1.39823596111447
6	0.0961072784405404
5	2.02119464279509
5	-2.49809214118346
5	0.943808060758043
5	-1.23916812221314
4	1.30629758472829
3	0.147448726149603
9	0.116662471263734
9	-0.497299436811811
9	1.91721440551285
8	0.512181028501796
8	0.202310977332718
6	0.0776373789843117
6	0.749440892849048
6	1.28657546931786
6	-0.17906132137934
5	-0.643916049357773
5	-2.36326405637184
5	-1.38742626618038
4	0.519447704328746
3	-0.310503197989921
11	1.07653550185457
9	0.0947243007641705
7	-0.899063213550033
7	-0.189968198534831
7	-1.06464316538895
7	-1.39208067977061
6	0.382431036472674
6	0.663242499613295
6	-0.0391348327827246
5	-0.65931765157286
4	0.340967440832599
3	0.328771059592515
3	1.53925469418986
2	-0.181718791719674
12	1.59304560544575
11	1.01072307527691
9	-2.44182928148675
9	0.893369787651401
8	1.60037357000631
7	-0.643216743275942
7	0.821427466396142
6	-0.175573131541871
4	-1.01912197238125
4	-0.469948967590274
4	0.117249485140223
3	0.909374857345715
2	-0.656917009138713
2	-1.53895674184765
11	0.555088114388336
10	-0.0947384583520448
10	0.00104657518759574
8	0.203548506922962
8	1.58459049501065
7	-0.40542697090297
6	0.053387894573382
6	0.363417801556183
5	-0.884146657493006
5	-0.449117916690175
5	-0.894435580495515
3	0.274847915927195
2	-0.146306419397054
0	-0.16175530023554
11	-0.237768958771002
8	-1.48253780237728
8	-0.453996754598698
7	-0.699033306385209
7	-0.387940335558607
7	-0.220045985741465
7	-0.764642131485151
6	-1.12279099342019
6	0.964194438586314
5	1.54269934956924
5	0.0265961433513203
4	-0.00246608623025702
4	0.547774639456991
2	2.28995778360399
12	1.57682091684856
12	0.43985468882501
9	0.0890947886826201
8	-0.399459514307777
8	-0.558900700629016
7	-0.424280203492659
5	0.411085735773345
5	0.595540604893208
5	-1.11241018938494
4	0.24829407093812
3	-0.790078602992731
3	0.801474880382168
3	-0.491679053723391
1	-0.385357421812515
13	0.203869809575818
12	0.687643872431717
9	-0.0221660791943623
8	0.526495804000652
8	-0.72978657096518
7	0.679654732842831
7	-0.147320559985113
7	1.8786134302378
5	-0.722823169923976
5	0.42431297217315
4	0.101640078677285
4	-0.798672474140526
1	-0.933583508375965
0	-1.14787833735413
13	2.84593038733391
12	-0.332882754266464
9	-0.308598721420551
8	0.73973630772306
6	-0.092154234015921
6	-0.507898458724411
6	0.988761070671505
5	0.160754899626006
4	-0.220950636409695
4	-0.0174662505248952
4	-1.84507990030708
4	-0.821219581442655
3	-0.11377573865661
2	-0.475156389586197
10	-0.576636965619866
9	2.7960009816815
7	-0.308624708911797
7	-0.225178840173611
7	-2.89628361256103
7	1.06790276475549
6	-0.755315902047614
6	1.5632760587443
5	-0.429552422124145
5	1.48369833505332
5	0.397743370482106
4	0.101507014625529
4	0.365791983706581
4	-2.58432805761076
9	0.966790128225419
7	1.08653821106603
7	0.643384198137957
7	-1.70058469335241
6	-0.00537521512679532
6	-0.647552234069213
5	-0.0740369957540778
5	1.15561053923932
5	-1.32679972081101
5	0.49195886671431
5	-0.197459057133135
5	0.432359679056009
4	-0.342859047606969
3	-0.481974658585437
12	0.0440794129030276
10	2.58368754364179
8	1.04590656204525
8	2.2068272826147
7	-0.596580426521423
7	-0.291435734340698
7	-0.751587152169075
5	-0.513388098925439
4	-0.110166789052091
4	0.104090467844128
4	-1.62098461243374
4	0.143021516033019
3	-2.43214783221883
2	0.188677860579393
13	0.0936464795572224
11	-0.0462282885923344
10	2.19965862293094
8	0.243984483126765
8	0.211667666499469
7	0.0454712689386035
6	0.522028975272718
5	1.69482234722325
5	-1.27707261412161
4	-1.65639562274541
4	-0.424160273891127
3	0.31568988505829
2	-1.95238826775047
2	0.0292753384936968
10	0.0237612706963613
9	0.649685881926711
9	-0.302527706727355
9	0.478401817728184
8	1.15741433839418
8	-0.513181605383004
5	-3.02989666877643
5	0.241953736123888
5	1.00273201401507
4	-1.22639907532667
4	-0.27977885624309
3	0.734100688389109
2	0.694467698042375
2	0.369266467140675
10	-1.1989841829777
10	-0.344676122031496
9	0.113759827777151
9	0.207686885308121
7	-0.44771353294682
7	0.0777009100953977
7	-0.617909467870731
6	0.382563355766497
6	2.43025755733145
5	-0.492459985616231
5	-0.526368999060418
5	0.385443629889903
1	-0.193077972017146
0	0.223778096352018
12	2.21516580037412
9	0.283442141054672
9	1.12875063837686
8	-0.16260438692702
7	-0.371821556385085
6	-0.801731590889893
6	0.0689239877538767
5	-2.46807504014142
5	-0.499722257522452
5	0.0122503945109807
4	1.17929436968758
3	0.609423377247135
3	1.40738104495935
2	-2.6006769220987
12	0.690732659845467
12	1.05889711155769
12	-0.496467014356023
8	0.846885769267088
8	0.338046931549594
7	-0.233226026386494
6	-1.13180573507335
6	0.669858824731569
5	1.29665962544167
4	0.506184087182158
3	-0.0349373138971395
3	-1.50864308353317
2	-2.09805207185952
2	0.0958662355304601
2	0.431771911581769
1	0.145765101752305
1	-0.764703926436591
1	0.544194318380497
1	0.131724822119583
0	-0.714714134657575
0	-0.882849650441899
0	-0.0522956278512954
0	-0.574026572244034
0	0.610408880025282
0	0.729672743354208
0	1.07163327360556
0	-0.663730017909322
0	-0.0128511212784891
13	-0.413387774083994
12	0.184210893927134
9	0.0211439140100756
8	0.44078947312137
8	-0.235791289218694
7	-0.706334857951972
6	-0.231521220437915
5	0.173304730347788
5	0.60595611705652
5	2.73631743830533
3	-1.15704993255324
3	-1.01870881101791
3	-0.609793954555139
2	0.210865273050648
11	2.07836384193241
9	0.115121541115369
8	-0.65738185422961
8	-0.239219398870178
7	0.926476133477319
6	-0.154896913447373
6	0.0707360987621257
6	0.746610708853208
5	-0.390462722304089
5	-1.63825716681016
5	0.445815864599424
4	-0.609721863342222
4	0.14818909181867
2	-0.841373361554894
11	0.0290005142184377
9	0.0755213845685721
9	1.15997512262513
8	-1.35728719742536
8	-0.843547233490994
7	0.581515046147335
7	0.455888318073336
5	-0.533920794702579
5	1.18420753665488
4	-0.808206306264737
3	0.805419477918535
3	-1.56290667368155
2	0.0257256005506524
2	0.788615204808345
10	-0.350072287914078
9	0.654999918973104
9	0.871282827032936
8	1.14826420830144
7	-0.723571750164992
7	0.500300857392079
7	-0.972411584181145
6	-1.02786854207002
5	0.409048225169197
4	-0.90966303743831
4	-1.04700393364887
4	0.537849385920649
2	0.226017639529185
2	0.682828073098823
11	-0.0163058267565873
11	0.725862058129326
9	0.353842379508791
8	-0.0328486935357184
8	0.279551915452111
7	-0.272503900306016
6	1.31730389903824
6	-1.10108261423016
6	-0.810897277482638
5	1.07020756118294
4	0.197279293650865
4	0.892627498604069
4	-0.764999744568539
1	-1.83803654868668
1	-0.952603508560582
1	1.20035989959185
1	0.840221458763774
0	1.0208466121514
0	-0.0857526679620877
0	-0.50477599595308
0	-0.807314261185799
0	1.01027240307326
0	1.8903091546672
0	0.205127521341382
0	-2.78671925220728
0	0.578454140015345
0	-1.04214126771971
0	-0.56628423601566
8	0.731123382586794
8	0.868166850476493
7	-0.443687345799295
7	1.11964614727645
6	-0.0851882363320246
6	0.420559309784487
6	-1.26448966687686
6	0.511436401199374
6	-2.84441318067429
6	-0.794560045929196
6	0.464653752882811
5	1.18007949266272
4	-0.0731228646752697
2	0.209796003417813
11	0.472018134136657
10	0.841094249998727
9	0.796895047071034
9	-0.546228133950465
8	0.562611360033946
7	-0.543813114566426
7	0.208921239581982
7	1.73210025475327
5	-0.984031281813301
5	-1.45825902831141
4	-0.235433930286589
3	-0.970243395104068
2	0.634298263892714
1	-0.509929665436076
12	0.904976162400253
11	0.135973520746221
9	-0.348057412897818
8	-0.263130878155874
8	-0.00983509532724025
6	0.137683268879594
6	-0.475411266220533
5	-0.198291384286236
5	1.73032045590619
5	-0.874768745876635
3	0.426201206492639
3	-0.0882566956947425
2	-0.766128492793515
2	-0.311274643172302
11	1.01174510004693
10	0.666822953132411
9	-0.548517441530618
7	0.026417313010245
7	1.1316787854101
6	0.115277841516302
6	-1.70243417366908
6	-0.20320201980172
5	-0.917299685597804
4	0.980269150648155
4	-0.28328493974397
3	1.39538662877898
2	-1.79724803453355
2	0.124388522333621
12	0.0398509715382803
11	1.32063673651518
11	-0.11813244623574
11	0.165173430616459
9	-0.448635402463856
8	0.0410378899243875
7	0.589752864397589
6	-0.334338216964116
4	-1.50395429354011
3	-0.324947249031046
3	0.581110209988868
3	1.11910567779731
2	0.0618404480044421
1	-1.18850062054765
12	-0.393567661944646
10	0.933998924352462
9	-0.788659127711599
8	-1.28424655079612
8	2.39049229073555
8	-0.390110776685744
7	0.340979934469603
6	-0.130228770368943
6	-0.743541150959222
5	-0.0989495978700402
3	0.20107573949213
3	0.945333286934084
2	-0.629851602859599
2	-0.352724936787916
8	0.44315887111288
8	0.705037161759061
7	-0.547115282582315
6	-0.00548299443900874
6	-0.437661521082285
5	0.706549607890902
5	1.28813245736031
5	0.741407494427008
5	-0.840204695810099
5	-0.176605524607715
4	0.241048366260099
3	-2.05222987567756
3	0.0985394716871983
3	-0.16457353629848
10	0.177115077309523
9	1.91172240203484
8	-1.9489338220071
8	-0.219361645511424
8	0.776470251369581
7	0.0247585427990692
7	0.185876132131653
7	1.8254811618502
6	-2.04407244734487
6	2.02933880546893
5	-0.703176135232025
4	-1.14347377725438
3	0.276114887176056
1	-1.14785943279005
10	0.773335602743221
9	0.840129882296403
9	1.59674432952132
9	0.443860934504409
7	0.58997003067608
7	-0.171465317179617
6	-3.41213842836739
6	0.372150193276896
5	-0.766886780768183
5	1.03873150442411
4	1.68685664339756
4	0.369426027251817
3	-1.24380009725506
1	-2.11691452452155
11	0.480786737099451
8	-0.137055516021098
7	2.30568315401825
7	0.269623412167424
7	0.315276786126136
7	-0.746899742019175
6	0.497546592432293
6	-0.420039026161983
6	1.41211308800847
5	0.134809214721816
4	-1.67458316206596
4	-2.37625217850927
3	-0.44009157778419
2	0.379082217987836
4	1.58985222335029
2	0.147240046965194
2	-0.0834871020124107
2	0.385769866579415
2	-0.913591555694523
2	0.044438063898352
2	-0.542361232829088
1	1.53125980675913
1	-0.0390155749814017
1	-0.935449071290729
1	0.125514387828594
0	-1.21191233946166
0	-0.35734154117622
0	0.25908402206506
12	1.18317580333988
11	0.162156652993492
9	1.30263828889524
8	1.03701927362885
7	-0.0460307449993071
6	-0.0927481553134948
6	1.60214780717451
5	-0.522824889492873
5	-1.6051096269591
5	0.578181088776535
4	-2.58426118475553
3	-0.356660665412727
3	0.0896010129524762
3	-0.747284660827951
11	0.718986779328529
11	0.725092042046547
8	1.34347880518382
8	0.431101935198237
7	-1.20513640585577
6	0.963208433175473
5	-0.145094726553273
5	-0.2161323744706
5	0.249453274782521
5	-0.849701320634883
5	-0.263507527137261
5	-0.53502834613033
4	-0.0230418358677358
3	-1.19367873306527
12	6.26939775255009
12	3.84840619765527
12	-1.3690448020507
7	-0.4248280275231
7	-1.42559844208644
7	-0.489757728083935
6	-0.55316224130941
6	0.155395769424604
5	-0.0899409355730926
5	-0.413535149724741
4	-2.00096546461338
4	-0.549670722171228
1	-2.12949473248299
1	-0.827201474010947
11	-0.609554209782173
10	1.63396798614314
8	-1.45533415088309
8	3.78194493158675
8	-0.969305205031868
7	-0.617236872932151
6	-1.50516381000532
6	-0.173683940285434
5	1.89793041299292
5	1.01689207035486
5	0.757680904115242
3	-1.77734169440594
3	-0.443552515640476
2	-1.53724390622646
9	-0.0124495481850072
9	2.2974875595747
8	-0.967952421782382
7	0.188276374705573
6	0.352675424031092
6	0.872821239026055
5	-1.76450569773148
5	1.16959837821759
4	0.78736240280323
4	-1.46301915778023
4	-2.31607372580006
4	-0.145680915792504
4	0.960722611745052
3	0.0407374769683648
10	1.11966936538917
9	-1.23295883473636
9	0.691461815652033
9	-0.527836086131234
8	0.668520971877427
7	-0.461154371849125
7	-1.15126678787484
6	1.30858376748818
6	-0.413173286013833
5	0.586181262806239
3	0.269004068470742
2	-0.647811786220274
2	-0.05086546504015
1	-0.158354633817975
9	-0.297863071147906
9	1.109573509798
8	-3.50624340857292
8	-0.605373121242082
8	0.0435675645131813
8	0.354249276668779
6	1.26434018547243
6	0.549823355445445
6	1.94697586613738
6	-0.587181426389887
5	0.960921708036803
4	-1.46290781278393
2	0.0437244997320939
2	0.18639287433261
13	-0.681245804170729
10	0.235957923057811
8	-0.349896267597529
7	-0.885286432691832
7	-0.288909804677842
7	-0.421785882559876
7	0.851559307668335
5	-0.219500573102829
5	0.600518323047973
4	0.206574952353332
4	0.90245840438033
3	1.92776688980052
3	-0.47539725355132
1	-1.40281378195635
12	1.32871461562311
10	-0.577068952771214
10	-1.12246797268406
10	2.12979322463988
8	0.81459705924037
7	0.17316963622321
6	-0.57657747141026
6	-0.641429215307367
5	-0.713525627391579
5	-0.0520664910696912
4	-0.152592114660795
3	-0.286416427860085
2	-0.0386062430630404
1	-0.285524019508477
10	-0.713312639618473
9	-0.105746981688299
9	0.587298141466835
9	0.304849084780045
8	0.551631017585578
8	0.503733473841277
6	-0.157749046858642
5	0.46816000786376
5	-0.728404248232799
5	0.319651215319438
5	1.14957701237334
4	0.0965282852729908
4	-0.265010507218789
2	-2.01120481488626
10	0.824263425197498
10	-1.56254718740819
10	0.954811744599539
9	-0.246991400904383
8	-1.09724059118833
7	-0.322169989270446
7	0.915442695621371
5	0.653398137847992
4	-0.603955651698572
4	1.04043381750722
4	-0.474028402331821
3	0.412366603674983
3	-0.302615987811276
2	-0.191167213835587
12	1.69822413100839
10	0.308681199540139
9	-0.0172984431493033
8	-1.66306883102246
7	0.147625083600583
6	-0.536811463121706
6	0.495640402773101
6	-1.07997140364553
5	0.157826549348251
5	-0.411715053845503
5	-0.913290390468604
3	-0.224535315241079
3	1.13279354201702
1	0.905899992206707
10	0.0168878277141208
10	1.59428996817469
7	0.360499583747641
6	1.30068731071423
4	-0.0890608640557987
4	0.20269417369123
4	-0.967369935590524
4	-0.0870442445600623
3	1.14732053576315
2	0.423737190144622
2	-1.31708107932546
2	0.176559956875411
2	-0.721330698825645
1	-2.0407897244676
11	0.547329770537826
10	1.83005770115662
9	1.23420633797475
8	-0.011511082137325
8	0.585242636385144
7	-0.748385512637693
5	-0.830138665430611
5	-1.30537911911544
5	-3.3190569374643
5	-0.592381082523335
4	0.13207499767528
3	0.389772234636675
2	2.13476869016782
1	-0.0465999692254069
8	1.27303374654693
8	0.0547721666783552
7	0.650835927141307
4	0.189394793587177
4	-4.87697497313424
4	-1.05156798341781
4	1.73283958675157
4	2.74601127373802
4	-0.426938410633942
4	-0.539518413667417
4	0.0347457518994642
3	-0.989750305789895
2	0.841259768062231
2	0.361857072238256
13	2.16379876455335
10	-0.859153442275603
9	-0.392301723881004
8	1.2420895161053
7	-0.910285037130215
7	0.435196019444095
6	-1.75838542153574
6	0.304464777131189
5	0.366466020360466
4	0.460682852222118
4	-0.550225727663803
3	-0.678408266799992
3	0.25528205347511
2	-0.0792203840052707
7	-0.432732649023277
7	0.0862703894451968
6	0.346856323725552
6	0.741047109531786
6	0.0735076131360343
5	-1.2547073192385
5	0.750986823829712
5	-0.26627764404882
4	-0.777034673944978
3	1.46859303335635
3	-0.991647476645771
2	-0.771038914356258
2	0.358797066387864
1	0.667380317845113
12	-0.185636160885619
11	0.162723749868162
11	0.200153773301764
9	-0.330623731024603
8	0.565667031956827
7	1.18508363363545
7	-0.928159792671059
6	-1.12335521036335
5	0.895694599753432
4	-0.3755605294472
3	-0.132282685776284
2	0.321859420694624
2	-1.49613977595725
1	1.2405756769151
11	-0.172394072609223
9	0.676043027975702
8	-0.0343158932902664
8	1.37963665031153
8	0.747673284521201
8	0.31987481837455
6	0.141171883779923
6	-1.35097214682288
5	-0.803326362643805
4	0.200192275986643
4	0.336195943040021
4	0.8772711078505
3	-1.41989585380814
1	-0.897154662665749
9	0.786087887157423
8	0.636547498596655
7	0.903400073236515
7	-1.65308880619076
6	1.58408928315483
6	0.644342290923564
5	0.199024898126654
5	1.02884424705127
5	-1.38751342840654
5	-1.3187626933454
5	-0.812264609851373
5	0.390113931323718
4	-0.761624735786648
3	-0.239195835989912
11	1.79627076283745
8	0.220293455169722
7	0.432143754370922
7	2.53014048501116
7	-0.690376765994033
6	0.3269723611061
6	0.815479655968922
6	-1.1202081004893
5	-1.57687491378953
5	-1.52896035231047
4	0.475474314112084
4	0.0677384864936465
3	0.425086537684189
3	-2.17317968017086
10	0.0813890240178125
9	-1.20961230194684
9	0.00605921512870979
7	-0.165873972893857
7	0.635140423387817
7	0.79240305716082
6	0.169009647588266
6	-2.14313697062397
6	1.76341407628222
5	-1.63863349262481
4	-1.04876687943099
4	-0.736930678395671
4	2.44248921876962
3	1.05304963358087
13	0.235681387782556
11	-0.214329566292078
9	0.724670939868013
8	-0.115445803904046
8	-0.296479298137299
7	0.0538412612858602
7	1.21852289220256
5	-0.832323733359069
5	0.701629509150145
5	-0.344982406435344
4	0.0601551543194853
3	-1.08461618326967
2	-0.42448002196979
1	0.318155868758674
9	0.307470433685105
8	0.790810902901619
8	0.0456057630464565
8	-0.331947985084774
7	-0.383913888766437
7	2.46257737717053
7	0.719634464422061
6	1.25313489606424
5	0.274661477770407
5	-2.59802745259376
4	-0.94515369472094
4	0.550661018133835
3	0.338772781972045
3	-2.48428609400038
10	-0.410003418825078
10	0.764560999690482
9	-1.76546041128276
9	1.06604522869117
7	1.79045214386364
6	1.07002015206236
6	-1.55217633214561
5	0.731347232617866
5	-1.04973487310103
4	2.1638522021551
4	-2.39998743016085
4	0.703063102058998
3	-0.568160123560827
2	-0.543818472063458
8	0.681916468193871
8	-0.252801027736586
6	-0.28211360520119
4	-0.310102418385694
3	0.829970143046368
3	0.420841966151358
3	-0.320919178632143
3	0.55653126724154
2	-0.101606424319921
2	0.657174500091235
1	-1.34451525248444
1	-0.983878411357819
1	0.651226738171737
1	-0.201724764778313
11	0.628273039041038
9	-0.311693706850778
9	0.168542726821516
9	-0.611774222753119
7	0.725674601411085
7	0.184628468011576
6	0.017610826522199
6	0.472873649382771
6	2.43585318461291
5	-0.860270566665147
4	-0.149182117426027
2	-1.16712546458382
2	-0.956257393835953
1	-0.57715302368825
11	-0.765853038702655
11	-0.174831991544369
9	-0.268818436819368
7	1.24553220840879
7	0.271642831881527
7	0.259924829224291
7	0.179344707024395
6	0.308770203605672
6	1.29580062110985
5	-0.961352444957127
4	1.46729785259401
4	0.105257813096135
0	-1.25147287681884
0	-1.71124227810231
9	-0.846286482398693
8	0.0974047230323705
7	-0.491107337155644
6	0.380901878500055
5	0.303197271277457
5	1.26385239209842
5	-1.64040360573908
5	0.676945458968345
5	0.971351807930435
3	1.6718626580525
3	-2.64785483233058
3	-0.34303792260369
2	-0.352194953456193
1	0.9553689438243
11	-1.63941805132714
9	0.338451412229499
8	1.05238367162762
8	-0.0250050897887701
7	2.05361119591147
6	-0.692974858479091
6	0.433988322623675
6	-0.29382849586655
5	1.11084520938674
4	1.311168321052
4	-2.24606947871742
4	-2.68403405145888
4	0.23479344545037
3	1.04608844735648
8	0.961688026491626
5	0.376272319007684
4	-0.89560742693632
4	0.705932512633311
4	-1.04412858429604
3	1.09523503128392
3	-0.0702211933183019
3	0.348348921623186
2	0.0874208690705328
2	-0.234868464418026
2	0.062134402163993
2	-3.44911938227204
1	0.538010027293959
0	1.51890294167252
9	0.847939109775377
8	0.950160136700465
8	0.462626673116628
7	0.184937072188678
6	-0.273799383419804
6	0.499703202627316
6	-0.83302457789789
6	1.03030825699092
5	0.457804391100187
5	0.671709647724489
5	1.14835197958072
4	-2.49806032254074
3	-0.221011511817564
2	-2.42764467412879
11	0.33674857792971
9	-0.133714185634048
9	0.722103119339102
9	-0.439122956624305
7	0.732361156471229
7	0.450298180741562
6	-0.641387755954888
6	0.720479293175278
6	-0.817578741456462
5	0.0179390881264127
5	-0.739158165837844
4	-0.677890830822466
2	0.696624065197016
1	-0.227700844650296
10	-0.0825772789822008
10	0.390981460777968
8	-1.84762117669361
8	-1.20197268322878
8	-1.25851182187126
7	0.581498357199214
7	0.660737168985623
5	-0.329303936204174
5	0.203608101872261
4	0.898256030729406
4	-0.294595267187878
4	0.334122240317108
3	-0.0458132254351954
3	1.99119202972151
7	-0.19155705155741
7	0.597799393251416
7	-0.45438950095769
5	0.673567573487942
5	-0.0938646805693527
5	0.787499060907233
4	-0.392306149815253
4	-0.239743937326329
4	0.556933223743284
4	0.442577732391314
3	0.145883024400347
3	-1.85436945791473
1	-0.691336571542467
0	0.713307341501698
7	0.1800735908693
6	-2.67049142273822
5	-1.09964406693646
5	0.276342926744518
4	0.516827666125793
4	0.452258965647479
4	-0.66904412654002
4	2.37751492766066
4	-1.00425970515155
4	-0.337497701968012
3	-1.7583312543808
3	0.0133505075597378
2	3.54579436376737
2	0.177105329340195
12	0.313396447663383
10	0.239193545240869
10	0.582791647008105
9	0.201365349327384
7	0.693098786316718
6	-0.167964454279508
6	1.62492531193755
5	1.17908299286872
5	-0.197980680332795
5	-0.294872918558406
3	-1.96251647378159
3	-0.23812307231107
3	-0.0946490209603319
2	-1.87774746013904
10	0.695849002421683
10	0.598140049685228
10	1.93332754547623
10	-0.34860025510832
8	0.990322354269395
8	-1.45386833596925
7	-0.211110899774758
6	0.100192759009571
6	0.89802990636179
4	-0.0385861519451039
3	0.491551268657168
3	-0.475878427359366
3	-1.39491444009829
0	-1.78445437562597
10	0.771063312886994
9	0.665846100042578
9	0.323557051594714
8	-0.0453767088646073
7	-0.510561246794634
7	-1.36984014989622
7	1.96531043208069
6	0.449978224903429
5	-0.799918893689645
5	0.19559841965652
4	-0.197641669906927
4	-1.2799292336684
3	0.398379505067913
2	-0.566465143412407
10	0.662377569261099
10	2.13800401633742
9	0.356778122865699
7	-1.04055472030428
7	0.876533060151888
7	-0.180556363621781
7	0.208941574450974
6	-0.57925932445625
6	1.64686489168396
5	0.704174268358831
4	-1.71072222866782
4	-3.43003141425736
3	0.257962113266488
0	0.0894884349311364
10	1.64424191989455
10	0.452238788135092
8	0.34047092907677
8	-2.58785080490372
7	-0.225296997269544
7	-0.457506207089843
7	-0.250461361401494
6	0.0790600132009604
5	0.380720556959657
5	-0.714181266852945
5	-2.5026583393736
4	0.808776547949321
3	1.43962842855472
2	1.59281779312007
13	0.347973234885766
9	0.83766189424858
9	-0.620254738720718
8	-1.96196819437198
6	1.14258932056609
6	0.244923408340826
6	0.543664700026119
5	-1.33375395408899
4	1.47783138222619
4	0.77615797443578
4	-0.271987103391385
4	-1.22047714215291
3	-0.136263267558666
3	0.173902485555298
10	-2.44090096839122
8	0.956525400186531
8	2.26576739766901
8	0.657187985103753
7	0.20243133231799
7	-0.24175727408415
6	-0.333711999020256
6	-0.0972034194493616
4	0.658086791800564
4	-1.41384746799601
4	-0.708890469691725
3	1.62035811775954
3	-1.05656612985679
2	-0.067479296347873
11	-0.644465685656566
10	1.32226444341099
9	-1.13440990032755
8	0.600811556694483
8	3.14908594853653
7	0.128188999344923
6	0.351914396435055
6	0.0962576979277547
6	-0.469852017625392
5	-0.751720340335132
5	0.410949256634533
5	-0.35207683852111
1	-4.72036918153806
1	2.01342166501954
10	0.646869308481019
9	0.092739367758427
8	-0.435766133222905
8	-0.408660638609902
8	-0.153150943933607
7	1.34230578564473
7	-0.945145997559614
6	-0.185568255567062
5	-0.454609113274789
4	-0.256761698796069
4	0.0314589836619683
4	-0.365490393516433
3	-0.287440244312929
1	1.37921997324717
12	0.451295209878054
9	0.156309571418097
7	0.282182791563706
7	-0.387464069709318
7	0.368272545304266
7	0.471059351740133
7	-0.536157748953778
5	-0.0790018824681568
5	-1.43062705851832
5	2.51458833383943
5	-0.537952667212269
4	-0.43933747193234
3	-0.143132085009428
1	-0.690034819940072
8	-0.0806289834962698
6	1.11933919919275
5	1.30286009922754
4	-1.25397838404153
4	0.683032769378021
4	0.353896504691979
3	-2.06270140697976
3	-0.628657580204789
3	-0.522490215016616
3	-0.2544356804859
3	-0.0931157184785676
3	-0.77257684020574
3	1.19622102149259
2	1.01323521492628
9	-0.880230935092014
9	-1.67468444869152
9	1.41795402846755
8	0.823920441293965
8	-0.746376379141693
8	0.881761634860408
6	0.305644135953211
6	-0.0152535874274488
5	1.37394862339864
5	-0.704272546470421
4	0.0594231475017917
4	-0.174084674741977
3	-1.5620069274483
3	0.894257487537804
12	-0.792562112540929
12	0.233592812535961
12	0.267597990080089
10	0.0590017604675502
9	0.14261086271241
7	-1.60270415664681
7	0.0264792363025945
4	-0.188993314958869
4	2.75844472759241
4	0.0275401798055644
4	0.751767868324741
4	-0.764754430271826
2	-0.550074014818979
0	-0.367947408583908
10	1.42223586867217
8	-0.257105464236521
7	-0.141530527915808
7	-0.436319517683136
6	0.796836349609571
6	0.50241949543749
6	0.916588972111475
6	-0.433176338823736
5	-1.0274207390691
5	-2.99502176486629
5	0.65265652384329
4	0.302027941811019
4	0.459208115138721
3	0.238601085970852
9	1.43349945705313
8	-0.479675505890135
7	0.30536740931023
7	1.07793294380923
7	-0.00861786820032667
6	-0.276143746806774
6	-2.42705940639931
6	-0.0111971298973674
6	0.0154706407939852
5	1.45704191632555
4	-0.434934427611573
4	-0.134018212036596
3	-1.10349146908221
2	0.585825398632165
12	2.30136779233286
11	0.835888540053159
10	0.0869650464834927
9	-1.56880796559011
9	-0.653656439636266
8	0.0819639512441253
7	2.12436251296701
7	-0.728365780109568
5	-0.206344850500969
3	-0.0894204404518304
3	-0.137207910398639
2	-0.105297463937469
1	0.134990439397093
1	-2.07643743185289
11	-2.5187675911244
7	-0.542173894667682
7	0.334277500771718
6	0.838901897675123
6	1.1161501216117
6	-0.434580935953968
6	-0.10574771193416
5	0.674689420308819
5	-0.431820860161258
5	-0.518113632025906
5	0.935533055772673
5	-0.871305691471582
5	0.218098618900249
4	1.30485970229867
10	0.045219563987665
10	-0.471527478907185
10	0.693511696583097
9	-0.453208219976764
8	0.343710858064886
8	-0.449136410389515
7	-1.62097249104999
6	-1.11677842223929
6	0.309643565906679
5	2.29869484375496
4	-1.0501929847098
3	0.907711947660416
2	0.158008961640861
1	0.405314569673975
13	1.53899732705046
11	-0.692286459228398
9	-0.0787438177081582
8	-1.86438912015372
8	-0.884492202472835
8	0.848141307033618
6	-0.0569528322004464
6	0.475873403923694
5	-0.293226220018314
4	-0.35817080325674
4	-1.26834910078744
2	1.24673590779184
2	-0.893081567259577
2	2.27994417728602
13	1.37628779157873
11	-0.485085284997981
9	-0.278165128148187
9	1.58958062218074
8	0.429178025561088
7	0.520405447719722
6	-0.195855428338501
6	-0.875285772934873
5	0.0684660960702398
5	-1.42132133422646
4	-0.0251869760481217
3	-0.595602004976689
2	0.831755880478059
2	-0.939171933917767
13	-1.08863622936444
11	6.12200517638385
10	-0.69140165659637
9	-0.287780296171702
7	0.729175327189613
7	-1.20929501875078
6	-0.923537397044081
6	-1.34077332671458
6	-0.938195846288477
3	3.67042403976856
3	-1.4950147734857
3	-0.529197627574596
3	-0.316217880243898
1	-1.7015544911074
10	-0.498506146940658
9	0.670299519715255
9	-1.23297504765363
8	-0.557852500333808
7	0.785960054749275
7	1.17852501003039
6	0.391606045482967
5	1.16036748237275
4	0.959761220709495
4	0.097966046865722
4	-2.62343875613693
4	-0.457791106672448
3	0.305665530383222
2	-0.179587352571597
9	-1.63382035318322
8	1.80760242577998
7	0.192347543243411
7	-0.358659161678746
7	-2.13981019875965
7	0.210001519157764
7	-0.67835035622223
6	-0.382865260094983
6	-0.606805165655794
6	1.30696310260617
5	0.226298577528842
4	1.5594795252795
3	-0.216193861833647
2	0.713811663832598
12	1.77793214094399
9	0.226360894622464
9	0.434871013218493
8	0.245459901023049
6	0.485942006755479
6	-0.370653920215118
6	-0.862050980063576
6	-0.834497544109458
6	0.271421391472262
5	0.0201332866085904
4	0.857921069027556
4	-1.83351202962803
3	-0.724497623855937
3	0.305170394200239
11	0.32663184752392
10	0.808141880034859
10	-0.314768431888574
9	0.713473136578634
8	0.184968922026683
6	-0.03627890060762
6	2.0150602100704
6	-1.37072338868379
5	-1.16016113342806
5	-0.343227294216713
4	-0.116312609479662
4	-0.260030765275742
3	-0.65677699386005
1	0.210003521205708
12	1.27734645858897
9	-1.20191258287861
9	1.19864373311476
8	1.41846205014455
8	0.719488972576839
8	-0.832275942519283
8	-1.2202802695122
7	1.01193084503129
6	-1.04516599062395
5	0.119815888723286
4	-0.685952450427636
3	-0.166082825954956
2	0.0516768210231442
2	-0.645694707286203
8	-0.733920683442442
7	0.418900913622632
5	0.525143424412875
5	-1.40151465006576
4	-0.231089364595098
4	-0.084863722105812
4	-1.54275063396404
3	0.62937406965366
3	1.13823966634154
2	0.841147199944064
1	-0.596676455670422
1	0.53462481826531
1	1.41632952826392
0	-0.912944110660423
11	1.26489071864539
10	-0.425985524462137
9	2.00640293447964
7	0.345172917136497
7	-0.0426801413280149
6	0.0854479740606504
6	0.175980344089098
5	-0.241679907765622
5	0.91101298629505
5	-0.644150052794298
3	-0.060577693999603
3	-0.530190244596098
2	-3.60512500650218
1	0.761480696741626
12	1.64095854121211
10	-0.351453233514405
9	0.646239437243158
8	-0.297631925507355
8	-1.0336543410222
7	1.0679934217933
6	-0.534284209015444
5	0.426860489912018
5	0.0520576669125556
5	-1.32337282133214
5	0.981653427653731
3	-0.972851283503581
3	-0.275630441299923
1	-0.0268847295318253
13	0.730239664608511
10	1.62377053339482
9	1.89035835965169
8	-1.20019391152611
8	-0.918876121175364
8	0.541729043793418
7	-1.55003768403287
6	-0.178769949799176
6	-0.652574695085081
4	1.34086169901374
4	-0.986348869498145
3	0.630118197568687
2	-0.435975319376333
1	-0.834300947537791
11	-0.150378810709237
10	-0.185543376569177
9	-0.0177433645810428
9	-0.318316168132919
7	0.814961712484203
6	-0.114314790400735
6	2.11866609212294
6	-0.591842881401537
6	-1.02943158285623
5	0.910661390564683
4	-0.742647575896061
3	-0.325754261432481
3	0.755449704168905
3	-1.12376608736131
13	-1.20933360996542
12	-0.986560797737353
11	-0.954006493185681
8	-1.04558608670589
8	5.41277438043567
8	-1.56132937055256
5	-0.489337444089105
5	0.876622071558212
5	2.66370080521529
4	-0.655287774168539
4	-0.780945661756616
3	-0.875826932572074
2	0.082502077448371
2	-0.477385163924306
9	0.995894671827176
8	0.734392845300285
7	0.106220563251416
6	0.37969568988924
5	-0.142847084708025
5	1.57564672054402
3	-1.81160110991811
3	-0.600868512367577
2	-0.322827863331135
2	1.78480620021336
2	-0.795048972577655
2	-1.46209526229159
0	-0.625496744389566
0	0.184128858558166
11	0.356780566779731
10	1.32576912544193
10	0.321457708956003
9	1.97038627984847
9	0.357950168650925
8	-0.684075437170328
7	-0.593499724848778
5	-0.561410810072452
4	-1.58408753501397
3	0.303158988688048
3	0.613880408933
3	-0.867746929828806
3	-0.533744663681336
2	-0.424818146682438
12	-0.323829112294764
10	0.475478243226247
10	1.04615647935927
8	0.867043524265428
8	-0.551102542616597
8	0.479952412249139
7	-0.919880452340425
5	0.447156577690981
4	-0.443271356516621
4	-0.739701303211951
3	-0.503143179083006
3	-0.97276474755945
2	1.33656126669449
2	-0.198655809862738
12	-0.0262383565711518
11	0.205107080458608
11	-0.142158054460983
8	0.203722380682888
8	0.329044945472393
8	-1.78894833890103
8	0.983278107224021
7	1.60700435008375
6	-0.0657695968011483
4	0.669587377359341
3	-0.400127725624246
3	-0.505813878364015
2	-1.0214689262027
0	-0.0472193643557263
11	-0.462744068857819
9	-0.0957357070197221
7	2.00937153122782
7	-0.351004189972529
7	-0.38532481639855
7	0.899495573772429
7	0.3527447148176
6	-0.586152200439062
6	-0.299211845033209
5	0.689913482109114
4	-0.343025452083137
4	-0.0897160902633643
4	-0.571933762029271
2	-0.766677169830295
10	0.432345813802386
9	0.0650125320422358
6	1.97529321914205
6	0.151009206999456
6	1.56152756291295
5	0.311295489934928
5	-1.52771402047146
5	0.657928277215266
5	0.187254123352855
5	-3.96637868126704
4	1.28072253081849
4	-0.392149322618674
4	0.213751067119806
1	-0.94989779898326
11	-0.481946374833294
10	-0.384031284637924
9	1.49769628890705
9	0.0736261326648083
9	0.493351317436978
7	0.700569588046171
6	-0.454553784777361
6	-1.12265359058315
5	-1.12164356860996
4	-0.235318297307984
4	1.49766256884079
3	-0.61353457913745
3	0.483990902339883
1	-0.33321531834855
10	-1.54713202036615
9	1.18239664662771
8	1.06520081575753
8	0.641244003158157
8	-0.0706490003581975
8	-0.432392944607925
6	0.292683433200915
5	-0.649816182853878
5	-0.408325778039459
4	-1.33868641959232
3	-0.103346129915743
3	1.76126081782316
3	0.57052283633866
3	-0.962960077172459
10	-1.22124298283958
10	0.635418911076575
8	-0.414415805420353
8	0.0121595141992776
7	-0.244606087897999
7	2.59077699938413
6	-0.423488302439616
5	-0.569913639174258
5	-0.236598557420241
5	0.475465963857659
5	-0.00107414537934921
4	0.859988321593617
3	-0.827636395361967
3	-0.634833794177905
13	0.877065110418352
12	-0.143362317296023
11	0.627594291837675
9	0.8613366349044
9	-0.403757500123599
7	-0.0909486534678947
7	1.02599498897497
6	-0.516853048935489
4	-1.76059398487322
4	0.609913330483347
4	-1.20706490298828
2	-0.252377462540668
1	0.177906066912268
0	0.195147446694164
4	0.47810991649371
3	-0.345311322479094
2	0.458874156991361
2	-0.333005407180924
2	-2.19559487689653
1	-0.623482641821036
1	0.535937635643304
1	1.87799657033281
1	-0.104339394284166
1	-0.486979362383631
1	-0.137530537780748
0	0.718302708302058
0	0.732489733903453
0	-0.575467178840562
10	1.42039015591765
10	-0.417275548403657
10	0.228202466368551
8	2.12520724041396
7	-2.84721608484336
6	-0.228077201091092
6	-0.041765416747899
6	1.3698645719871
6	-2.69096676209181
5	-0.120232285016603
5	0.19234203551605
4	-0.11477493087393
2	-0.221795846637029
0	1.34609760550207
10	-0.0615046386589968
10	2.17129239818135
9	-0.222068162828255
8	-0.846375330236129
8	-0.185814749290935
8	0.381546105045776
7	1.08671680500453
7	1.04408604482614
6	1.55313234018733
5	-0.677026969174974
3	-2.61778319612528
3	-1.74349590976257
2	0.0251721780635645
1	0.0921230847684527
11	0.426541873863523
8	0.45218250751298
7	-0.449080304299693
7	0.550036490509345
7	-0.299335387832573
6	0.289390681181937
6	-0.770769347792943
6	-0.254097702418653
6	-3.22125411522154
6	-0.0748276531792178
5	1.29931777093453
4	1.89025151854084
2	0.425420701696578
2	-0.263777033495115
11	0.343837722563191
10	1.59070807623753
10	-0.340925369673495
9	-0.709688392370537
9	-0.389576127166443
8	0.447911383207774
7	-1.6032391032336
6	-0.830268010239965
5	0.247159658548094
5	0.667237681163673
3	0.617926053718155
2	0.592429823148213
1	-0.774622981401842
0	0.141109585499245
10	-0.0569611081142568
9	-4.9287542141919
9	2.13773813036733
9	0.0660156761927477
8	2.71593667278956
7	0.0711324651586153
6	-1.98498563094512
6	-2.24840638531527
5	0.986708980454843
5	-0.884001816556044
4	1.97503992154857
4	0.970348895918596
3	0.504052749789567
2	0.676135662902768
10	0.564579613328589
9	0.541783603457526
9	-0.126159433412409
8	1.07815729827032
7	-0.00654158672203612
7	0.127161385804715
6	0.182426853130715
6	0.667673933553913
6	0.485479294983421
6	-0.220064991275118
5	0.110479151486697
3	-0.052946642462436
2	-1.16500067635223
0	-2.18702780379167
10	-0.168267769401979
9	0.439135819202058
9	-0.267251192185944
8	1.9534519636721
7	-0.332003563256759
7	-0.426910798352319
7	0.259086173103284
6	0.490103291734805
6	-0.356999161920485
6	-0.947551537660479
5	0.498823091641911
4	0.241881385793925
3	-1.62125478166245
2	0.23775707929234
10	0.33422220177587
10	0.589228724844922
9	0.486656376464049
8	3.23367213183938
7	-0.845935407737794
7	-1.2537736812755
6	-0.415436240045335
6	-0.612589724190784
5	2.07515250685159
4	-3.58345604019369
4	-0.0359773497681946
4	1.94930102956982
4	-0.765006224156198
3	-1.15605830397814
12	1.14225181724821
10	0.699925503382673
9	-0.924680294484449
9	-0.0513316988755841
8	0.762081979470698
8	-0.561980021824457
6	1.33229861264345
6	-0.702954809740058
5	-0.237648246030405
4	0.242279475338193
3	-0.621881630117027
2	-0.345943694831323
1	0.0614339017559756
1	-0.793850893935906
10	1.08461010817216
9	-0.665788263531786
9	1.14665194146938
8	0.389420634349621
7	1.43882795420103
7	0.00813244514709794
6	-0.447645870552668
6	-1.88202195071171
6	0.0642069298085213
5	0.629109039212164
4	0.330349045437822
3	-1.52097414678248
2	-0.7227003054204
1	0.147822439201253
11	1.27693231965043
9	0.493089049592775
8	-0.329508150770157
8	-1.43406773341144
7	-0.632972144248037
7	1.93295108743922
7	-1.55549235171071
6	0.383637632555887
5	0.144934966216979
5	-0.618609382073219
5	1.11184262576705
5	-0.098804416295592
3	-0.459729767640953
2	-0.214203735072235
8	-0.172010620253352
7	0.627393598756441
7	2.12508459849552
7	-0.608604224112405
7	0.0478241253422038
6	1.02749686549589
6	-0.340717314294321
5	-0.281258457903465
5	1.35833486455765
5	-0.491953079484725
5	-0.30247803929367
4	-1.06817974464703
3	-2.03175905154369
3	0.110826478884947
11	-0.749764328204289
9	2.12945286305762
9	1.52639435721264
9	-1.2624247696628
7	-0.297653265241176
7	0.852011206422795
6	-0.537764577312187
6	-0.399400884175958
4	0.370487083179167
4	0.0365028611183227
3	-0.659376682081265
3	-0.735351852009615
2	0.00220524463106804
2	-0.275317256934324
10	0.742552234008649
10	-0.1157574971611
8	-0.0894856800117867
7	0.236524096210883
7	0.468975507449637
6	0.457073667341788
6	-0.940826496340615
5	1.13301254383844
5	0.746377976745417
5	0.299338647520111
4	-0.509282112267407
4	1.00282201512954
4	-1.24969600497367
1	-2.1816288974899
10	2.9219838304572
9	-0.723139564207237
8	-1.01163423483296
7	0.504033207850333
7	0.328962207020171
7	1.20846121052417
6	0.168409322025326
6	-1.63356575468351
6	-1.1058103543967
5	-0.452006470069457
5	-0.329343249947989
4	-0.136653578246908
4	-0.0331286282639412
1	0.293432056771496
13	0.339518689927508
10	0.185525251854915
9	0.00700265755024074
9	-0.20155073987251
8	-0.650213657833344
7	0.436808915472817
6	0.174301239878385
5	0.270069724417532
5	-0.113351995474328
5	0.848863760159055
4	0.116420628985703
3	0.212054169091019
2	0.0450996287563767
2	-1.67054827291337
11	0.0448456748210501
10	-0.428073627049148
9	-0.417258219908545
9	0.290151416471631
8	0.106322674169049
7	0.543840985500336
6	0.330306292504263
5	-0.0685176712207621
5	1.91345073939193
5	-0.428162214975894
5	-1.14737561011319
2	-0.800364415941344
2	-0.664801666128043
2	0.725635642478666
12	1.12172456200433
11	0.159184847129196
9	0.956067865528327
8	0.019781444816034
7	-0.84282378834818
5	-0.749944280309967
5	0.750110294674824
4	-1.86081376972645
4	1.25734509782112
4	-0.618386966622591
4	-1.11727808586951
4	0.241267836634198
3	-0.0743147839697823
3	0.758079726238441
11	-0.610033732790085
11	0.140682585919549
10	0.239990880261453
10	0.0597914748594321
8	-1.14987709617393
7	-1.65411034084598
7	0.290468602752697
6	0.331617282558731
6	0.502164329463596
5	0.894261307657881
4	-1.84085760669924
4	-0.42232846153541
1	3.31156196591881
0	-0.0933311913475036
10	-0.633840392658528
9	1.69430608975203
7	-0.357450143618689
6	0.191725472704421
6	0.0702388885923589
6	-0.624354400967586
6	1.71613819440033
6	0.828133965379333
6	-1.44557045235071
5	2.4437275224088
5	-0.697560303985019
3	0.508692323122312
2	-5.11974635470069
1	1.42555959192164
9	0.365681859013362
8	-1.12113262263908
7	0.478142483214546
7	-0.123608229699576
7	-0.00130389274907067
6	0.411742253653735
6	0.165074590753474
6	0.775893244318871
5	-0.816398486457045
5	0.993877775289327
5	1.37753363664136
5	-0.191434085993791
5	-0.244948949562897
2	-2.06911957578322
11	-0.275562252984667
10	1.08736105489353
10	0.764409973592085
9	-1.43682007742105
9	1.19430408073903
8	1.11355554500411
6	-0.279367062793157
5	-0.439373599292755
5	1.12966824938117
4	-0.106533372697394
3	1.55154881225582
3	0.0920598550524814
3	0.48144412350358
0	-4.87669532923277
10	-1.3751972495556
10	1.18629367777296
9	0.352032709767253
9	0.0692633337578508
8	-0.066611666396094
6	-1.42286926705257
6	0.250225319104217
5	0.760128026731168
5	-1.14927784871131
4	-2.08384822355998
4	2.38534060831277
4	0.952534648412991
3	0.977332386167029
1	-0.835346454750685
11	-0.2212688746472
10	-0.675256035737567
9	0.00918452880686567
9	-0.215613661208493
8	-0.0361617584350023
7	-0.367650698984174
7	0.444701138273067
7	-1.18841084879958
6	-1.05864678510296
4	2.57087982645208
4	-0.739255460094408
4	-0.0741450575688445
3	1.2187252273545
1	0.332918459691705
12	0.225350789953408
9	-0.584187959059635
9	-0.313792497129246
8	1.16717359523073
8	-0.398772758877152
7	-0.95571650349479
7	0.812955494267482
7	0.340737517440191
6	-0.314160790436477
6	1.114063736777
4	0.559677730716248
3	-0.62336375095221
1	-0.749454007710784
1	-0.280510596724766
12	-1.16557336402694
10	0.651300127983918
9	-1.26221831983437
8	0.249759698383766
8	2.2721933962347
8	-0.106737490232645
7	0.314192501871783
6	-0.275419517588474
5	0.148577704486058
5	-0.130352887275542
4	-0.352238783217574
4	1.07480825399881
3	-0.990343971634233
1	-0.427947349149255
10	0.429431650060504
9	0.680755762473773
8	1.31625170594996
8	-0.0774280703617375
7	-0.781196639179551
7	-1.32720357058983
7	0.12268344290285
6	-0.205120643463326
4	0.150235615436465
4	0.917650759774929
3	-0.919453060452093
3	0.445756697951984
2	-1.36547549557293
2	0.61311184506901
10	0.300863343219289
9	0.287127240912342
8	0.775339791592881
8	0.0899925897878036
8	0.653086314021004
7	0.759094533959814
6	-0.773734473861128
6	1.52205752443121
5	-1.15283294250654
4	1.28442532030094
4	0.465638680350489
4	-0.663463871461567
3	-1.66643297462498
1	-1.88116107612156
12	1.56942290268636
11	1.81673214688293
9	1.532727307718
8	-0.196328498491366
8	-0.686213336408881
7	-1.34212350930812
6	0.720222830502923
5	0.650675378026557
5	-0.621209967425811
3	-0.400552728661016
3	-0.938111343389806
3	-1.10705057005732
2	0.47421979918454
2	-1.472410411259
10	-0.0812875006977148
8	-0.334565772024101
7	0.0829933217115375
7	-0.459039021398566
7	0.275618670979737
7	1.01997810168784
6	0.973504816200556
5	-0.101795297104297
5	-1.82389169914157
5	-0.635602562161164
5	-1.02133751433663
4	0.814757437166492
3	1.07289857338114
1	0.217768445736742
11	0.146851897867267
10	0.967025651175986
10	-1.36022427836611
9	0.903366331753022
8	0.0787271790800631
7	0.841093486475417
7	-0.212682233079061
6	0.306745541299099
5	2.56442256035995
5	-1.27364406094402
4	-0.028410282543587
4	-1.74464048676486
2	0.540873952233411
0	-1.72950525854658
8	0.219609374181662
8	-0.0433646914400192
8	0.190697030917432
8	0.488103772302454
7	0.279310872018334
7	-0.483507203079182
7	-0.228936160820581
6	-0.947043414708603
6	-1.05583103673502
5	0.505232671164783
5	-0.412020142377987
4	0.276144926673764
3	0.431374042525253
3	0.780229959377715
11	0.880017126544453
10	-0.365726915283093
8	-0.314224060195622
7	0.528738867204645
7	-0.795727425150042
6	-0.328001519844121
6	-0.325511206271505
6	0.471176504346557
6	-1.1573909415869
5	0.499882223672562
5	0.139997778338864
4	1.10446314214485
3	-0.423176789906355
2	0.0854832159857065
11	2.15978764816966
10	0.790735861995187
9	0.237223804550171
9	1.07312067163513
7	-0.623041420765593
7	-0.663766775208409
6	-0.343278109438102
5	-0.648340857749849
5	-0.162252145737248
5	-0.0380927351644181
4	-0.391747672893849
3	-1.31951348618274
2	-0.66275890007516
1	0.591924116865214
13	1.244571675293
10	0.472190041367783
8	2.1449623535142
8	0.0780314752205394
8	-0.854139259792691
7	-0.0988683541418698
7	-0.766863567506066
6	0.667993376258429
5	-1.37446954596906
5	-0.313586120319518
3	-1.1214809617838
3	-0.290919104709502
2	0.1919960973575
2	0.0205818952110579
9	2.04360414288526
9	-0.650607328409783
8	0.861001320263829
8	0.60269475596285
8	1.43313457556498
7	-0.746286890241425
7	-0.128545334105799
6	0.183715577083555
6	-0.374074925336682
6	-1.04470971883544
5	-3.1918252732045
5	0.794674784589952
2	0.0974382735916137
1	0.119786040191586
13	0.962458772189289
12	1.04683260292056
9	-1.10915984488746
7	-0.104010239872619
7	0.15274514542635
6	0.123688972359418
6	-0.333901774340895
5	2.16704974130558
5	-1.32354970564584
4	-0.731281819975259
3	0.336171017163706
3	-0.287434783320859
3	0.143570226499876
3	-1.04317830982185
9	0.295800635559666
8	1.7189999969833
7	-0.646396805076355
7	0.233827893900966
6	1.34089053686868
6	-0.731662871485309
6	-0.68603457087179
6	-0.191119512160835
4	0.910398734375473
4	-1.98371609088694
3	-1.18794175540327
3	-0.622636605485938
3	1.29166619316969
2	0.257924220512661
8	-0.675449173831269
8	-2.56444646689757
7	0.0905331006694623
7	0.511044668331577
7	1.57078572174089
7	0.627425028347581
6	-0.205544935753572
6	0.280229530248211
6	-0.23538151093465
5	-1.33887365259284
4	0.219285409444689
4	-0.113791141313054
3	1.09249493854339
3	0.741688483997154
5	0.891670555735639
4	-0.271656857136158
4	-0.665565839827361
3	0.151983000384677
2	0.488748060650261
2	1.04971120851984
1	-0.0052819505866041
1	0.286323536462275
1	0.718456962852466
1	1.41077531594259
1	-0.921833753127618
0	0.0630870875811843
0	-2.5358484733947
0	-0.660568854056486
12	0.810405319352943
9	1.71524347967763
8	1.60808376569029
8	0.49276041252661
8	-0.289744791678696
8	-0.0979008857682301
7	-1.93092495979555
7	-0.329910283596033
5	0.468550467745435
5	-1.41418314513882
5	0.401967010090894
3	-0.548332989636354
1	1.47777515783855
1	-2.36378855730866
12	0.743320131482976
10	1.26899282704167
10	0.983498461440727
9	-0.217799933921846
9	-1.03295410068432
7	0.50768340332238
6	0.389275886616217
6	0.157446075376356
6	-0.263647452133795
3	-0.329629167883807
3	-0.961102952628033
3	-0.0959021744326338
3	-0.975774301156865
0	-0.173406702439029
13	0.676278517356092
9	0.92483787584898
8	-0.496167359224206
8	-0.559938148624177
8	-0.204293512540104
7	-0.555869600939279
6	1.67791591687201
5	-1.21732769571939
5	-0.110747349313931
5	-0.235092353870652
5	-1.18850791350032
3	0.40745004497677
3	-0.0786985167356574
2	0.960160095413872
8	-0.317634816730916
7	2.1361006994488
6	0.646814548937995
6	0.630727020048499
5	0.534046880563971
5	0.662033717253663
4	-0.208901421401638
4	-0.447208199870687
4	-0.202501931231655
3	-2.90211254667394
2	1.63320990643979
2	-1.55979782244403
1	-0.0306835439478817
1	-0.574092490391976
9	0.459126806419457
9	0.192997405544484
8	0.805095653938099
8	0.12244558778584
7	-0.118629393531955
7	0.82928787995329
6	-0.863563709674243
6	-0.707152900085113
6	0.92731834044756
6	-1.06225216387043
5	0.34988900079962
4	-0.00843369849907812
3	0.34619353587972
3	-1.27232234510725
13	-0.734504344541391
10	0.254227390474228
9	0.167725167217261
9	0.729389338607021
8	-0.649351798480419
7	0.137494551355455
6	-2.15421184797033
6	0.739734024830555
5	-0.929797774110466
5	0.390896648853655
2	-0.253191132239638
2	2.20521870037655
2	-0.11356996161341
1	0.209941037240932
11	1.02744111175291
10	1.4648599333443
8	0.7380316400699
7	-0.600126472659904
7	-0.0255212877222197
6	-0.0362029138828763
5	-0.530414363360362
5	-0.00566541901609261
5	-0.690408606089742
4	-0.0107435025908827
4	1.23672446785648
3	-1.80943472028459
2	-0.82517085578239
2	0.0666309883654606
10	2.79452000132026
10	0.506379706687102
10	-1.47463478570197
8	-0.689445529447272
7	1.39275120540935
6	1.68738532779232
6	-0.417976600862314
5	0.321610128911417
5	-0.385905923289588
5	-1.34714483779098
4	0.367321196259947
3	-1.2018514652619
3	0.379775036375006
2	-1.93278346040137
9	-0.906556647035013
9	1.56966564465132
9	-1.0726808283763
7	-0.0511698622734493
7	-0.0148682680211613
7	0.587590145631455
7	1.26932354447822
6	0.717014081066786
6	1.23536080037765
6	-0.00846055404709395
5	0.0782169982751117
1	-2.5948008568356
1	-1.36507134701391
1	0.556437149121997
12	-0.336913356159097
9	-0.375402518561415
8	-0.312564630513303
8	-0.917314243727474
7	0.754933401959156
7	0.565051430316717
6	3.51689544125841
6	-0.197004863535631
6	-1.25740876807088
6	0.193352980137675
5	0.378504625635612
5	-0.484802986160647
2	-0.197544616109869
1	-1.32978189646926
10	0.245372811512043
9	2.20574569144479
9	-0.701521401980064
9	0.654200757604124
7	0.381508632500765
7	-0.0800948564079011
6	-0.740358539197167
6	-0.0405129935260014
6	-1.79978187416556
5	0.00827699443239013
3	1.00865132039877
3	-1.38408181339683
2	0.191063926437452
1	0.0515313443431934
11	-0.922017153879077
10	-1.03348838885947
8	0.16149689002599
8	-1.24206431647267
7	0.207809279680097
7	-0.630092077605893
6	0.477687450353724
6	-0.871630489553639
5	-0.13347579769424
4	1.78349533027147
4	1.63609775581406
3	0.0417168466708401
3	0.531469016614703
1	-0.00700434536589506
11	0.181760534526826
11	1.51304627275768
10	1.86199974682239
9	-1.32325539311754
7	-0.462371473236355
6	1.21340646648893
6	-0.516628378427818
5	-1.50803148614541
5	0.142773993194984
5	0.360447803130627
5	-0.444068195590149
4	-0.185357184070286
3	0.22361541261585
2	-1.05733811894972
12	1.74835959064575
10	-0.343332644057642
9	1.12511349181871
8	-0.305898643051772
7	1.0224170259736
5	-0.259400870500609
5	-0.974104291887307
5	-0.894728559729234
5	0.145778379269405
4	0.106396902951261
4	-1.21154860899739
3	0.594132830287467
3	0.611542562553982
3	-1.36472716527621
12	0.258982263215404
9	-1.095286274536
8	0.601587862963253
7	-0.784603425524985
7	-0.783201336763244
7	0.283724991984039
7	0.146402489228656
6	0.354028032027313
6	0.451408625564952
5	-0.425762861601245
5	1.43470267308032
4	-0.0346838835373468
2	-0.334202006551333
1	-0.0730971495497822
10	0.0503942989219894
9	0.915108211748503
9	0.15004093065652
8	-0.0673798702746292
7	-2.85115895536254
7	0.446422586417641
7	1.34429446925435
6	-0.119122777450295
6	-0.0732142300246945
5	2.09931519473529
4	0.0770036174179607
4	1.31117997937546
3	-0.575478095562978
0	-2.70740535985258
13	2.34254476318435
10	1.00485004661306
9	-0.03961524698203
8	-0.766895244976449
8	0.428795682015476
8	0.260741036025387
7	-0.471241035068137
6	-0.126921954406177
5	-0.883535199623461
5	-0.152393761460523
5	-0.266751346525421
3	-0.186365670724889
3	0.118464381145245
0	-1.26167644921642
9	-0.19463065509046
9	0.512611262668368
9	0.183375019503886
9	0.386408226790793
8	-1.52436648681917
8	0.424179224410193
7	0.0676287517164984
7	-0.865912721152289
5	0.243862232464167
5	0.715746475682243
3	-1.09140991332539
3	0.334877349551917
3	-0.885565276257921
1	1.69319650985716
11	2.14847082937063
10	-0.368995641044013
9	-0.0595664983726158
9	0.970591365857388
9	0.764941530994193
8	-0.491485672719624
7	-1.25558339507353
5	-1.09122650966498
5	-0.313128957849716
4	0.667913143545142
3	-0.210331303306209
2	-0.158776314373216
2	-0.65244481013172
1	0.049622232768266
12	1.30154480994693
10	-1.42372545441322
8	0.781998147239499
8	1.29252792425464
7	0.103190443385907
7	1.21787026424475
6	1.00775201360598
6	0.763013710044393
5	-1.15101041527072
4	-1.297054960205
4	0.0751797618840774
3	-1.43644592267085
3	0.18849291731652
3	-1.42333323936291
12	1.30592281949886
11	1.29034804554007
8	-1.61070480617988
8	-1.02357070795513
7	-1.87262061634057
7	0.37142413405874
7	-2.13289046589107
6	1.43495750210273
6	0.364501352456241
3	1.06131534301469
2	0.694596529301592
2	0.219405897204265
2	0.999522271570497
1	-1.10220729838103
6	0.485287762103161
5	0.234801402367594
4	1.31908944739612
4	0.681470933237418
4	-2.43683421984423
4	0.148375920990713
4	1.33282640602543
4	1.94986454847807
3	-1.62169742538636
3	-0.130486600534897
3	0.466061910235098
2	-1.72226445569781
1	-0.726942166505194
1	0.0204465371348948
11	1.21422608714506
10	-1.84772336652257
10	2.04054128656495
9	1.48636274001939
7	0.166362819299743
7	0.213193437902486
7	-0.290520041776674
6	-0.318139095040675
4	-1.14555913854605
3	-1.66589850444681
2	-1.2386530932928
2	-0.484858873681728
2	0.721555519434374
2	1.1491102229413
11	1.01670670508304
10	-0.514652493689055
9	0.433587882809616
9	0.916962884141051
8	-0.450436087318875
6	0.561861302866694
6	0.984956198193637
5	0.703437271128987
5	-0.16670717323111
4	1.71751881716181
3	1.19984682406027
3	-4.63087863948362
3	-0.696934313387104
2	-1.07526917833534
9	0.530597522766945
8	-0.176782385861431
7	-0.00134441314937897
6	0.279240636943408
6	0.528874657345413
5	0.302674280670134
5	0.745637136665027
5	0.515946330652366
4	-0.374855590840613
4	-2.32202226785958
4	0.174963469495771
3	-0.796689153211582
2	-0.369714541421547
0	0.96347431780507
4	0.77490563363437
2	0.41520509593596
2	-0.496269705910171
2	1.21264497733747
2	0.638562772992984
1	0.319170215052778
1	0.412201096755794
1	-0.994512328350032
1	-2.87102610740336
0	-0.617332488945311
0	-0.451710825062331
0	1.02815432254696
0	0.171716033414354
0	0.458291308000536
10	0.309831553059044
9	0.088568532601708
9	0.0323428255231501
8	-0.728603623489798
8	-0.504792791853606
7	-0.843724686118834
7	0.425067832357967
7	0.414904808169129
6	-0.722273983301986
6	-0.196190593075515
4	0.886633043746385
3	-0.590816861194974
3	0.857669942027934
0	0.571384001549396
10	0.856697903540379
8	1.55663880827083
8	1.09515021902509
7	-0.221150019562853
7	-0.416182275540741
7	0.735852265280648
6	-0.197142434314333
6	-0.100543276420652
5	0.114094999949046
5	-0.161317294946306
5	0.661660496213985
3	0.0272470581846601
3	-2.28889966464556
1	-1.6621067850342
9	0.0886876281858612
7	1.44132085649888
7	0.338860556537314
7	-0.198359954055024
6	0.792171138881627
6	-0.389236490081374
5	-2.09298709996331
5	1.20885011166499
5	-4.06615631158575
5	1.53510382386226
4	-0.457100114541117
4	0.19373357636725
4	1.05649341081555
3	0.548618867412857
4	1.75892081351565
3	-0.0346973743537813
2	0.399964692531305
2	0.365576301495375
1	0.844670659771651
1	0.204377216694457
1	-1.33507504842381
1	-0.439036785999817
1	-0.959597779253537
1	0.390061715368012
1	-0.00132373752384914
1	0.702534595519412
0	-0.846424049762702
0	-1.04995121957837
11	0.0268047394253149
11	-0.082321646750635
7	0.292092425752598
7	0.343465200205674
7	-0.281832968521194
7	-0.636438316915259
7	-0.7458576109599
6	-0.117412044118312
6	-0.800480508138335
5	1.36782081824061
4	-0.344794200399565
4	0.910028118902857
4	0.277073677968066
0	-0.208147684691917
9	0.0168954337743707
8	0.85348179440048
8	-0.34290996367108
8	-0.0553185814304404
8	0.147109705417244
7	1.05831211619671
6	0.518078020518738
5	-0.593849639404918
5	-0.207555830257926
5	1.53716100759539
4	-0.20289506593899
4	0.676082651055613
2	-3.91015623780294
2	0.50556458954775
10	1.8152634004104
9	2.33736175133753
8	0.107958521086897
7	-1.55148173387641
7	-2.694367448527
6	1.18272221294507
6	1.33896993664181
5	0.226657951332821
5	-3.08126617019544
4	0.319180779127832
4	0.202466571480153
4	0.0653383259353711
4	-1.00948078107899
1	0.740676683379962
10	0.0196392927198338
9	0.259225187030254
8	0.00173660367381042
7	0.192915657530539
7	0.0640428201071991
7	0.80649120877992
7	-0.229392352667715
7	-1.38528036939276
6	1.71192920893741
6	-2.93311141030211
5	1.3577766024551
4	-1.04858646510357
1	-0.664359118774727
0	1.84697313500681
10	0.891709208738963
10	1.1354871486938
9	1.43687845053933
8	-0.889283877358252
8	0.330203328678388
8	1.35888821311435
6	-0.888955792711735
6	0.771277197404568
6	0.493288871729461
6	-0.901746951464552
5	-0.638422887102017
3	-0.566278661409179
2	-2.41102265681885
1	-0.122021592034268
13	-0.620663712323199
9	0.430700480843655
9	-0.0119241860212073
9	-0.789018700386227
7	1.10155288745201
7	0.554978000421039
6	0.300010300431859
6	-0.757136720890397
5	-0.597851320620154
4	0.706057142788677
3	0.183019814995061
3	-0.702185992873496
3	0.775166828379819
2	-0.572704822197439
11	-0.196540857392629
9	-1.30993640098238
8	-0.451879780459455
8	0.590255463074616
8	-0.971375652038498
7	-0.456929139764661
6	0.796284736497749
6	2.98357711419021
5	-2.23958417387094
5	-0.408524019585166
4	1.250477700391
4	1.08545714066155
2	-0.0463724767335198
1	-0.624909653987882
11	-0.548329836131955
10	0.866135261203804
10	-0.635390085990601
8	-0.642399781256856
8	-1.352926059998
7	0.0830782065180743
5	-1.42213539175525
5	0.168298712505148
5	0.203101810450469
4	0.29343298395407
4	0.573461839084497
4	0.515307082594391
3	0.517434237819516
1	1.38093102100269
5	-0.028982413450336
5	1.55668000264898
5	0.962681548242156
5	-0.428382397567488
4	0.489892417939405
3	-0.702086041587664
3	0.730119295262881
3	-1.2633888608524
2	-1.46562409826528
2	1.0558048318486
1	1.46186255906213
1	-1.47327060570741
1	-1.00686321741133
1	0.111556979837743
9	-0.356843105539363
8	1.81675668695864
8	0.987444492261964
7	0.140713065047386
7	-0.000942707980826809
7	-1.01853313361084
6	0.846798671379718
5	-0.537581661701798
5	-0.239981912737683
5	-0.545465631856029
4	0.074654730953245
4	0.874035842956465
3	-1.23608712828406
0	-0.804968207846824
11	-0.523479280095257
9	1.05257302501739
8	1.75831507392672
8	0.00391278026494672
8	1.20234842164962
8	1.11505260746362
7	0.0593002340003454
6	-0.449451202464685
6	0.572420073554053
5	-1.78525095740734
4	0.896991820045089
4	0.359528370985546
2	-0.294207992285472
0	-3.96805297465458
10	-0.765442100342797
10	-0.176488824840778
9	0.311466662252034
7	-0.331774909683479
6	0.746285249160519
6	-0.587721782604749
6	-1.53410271692476
5	1.07623807171821
5	1.33118116695927
5	-0.416137001044697
3	1.15161770679312
3	-0.599055289007876
3	0.184769822885629
3	-0.390836055319652
8	-0.30711114278487
7	0.924349231688211
7	0.870299988672758
7	0.94770641083621
6	0.977759287647443
6	-1.66829987682225
6	-0.334937488100326
5	-0.117737808197373
4	0.659997206175115
4	0.743546995499825
4	-0.835471897041616
4	-0.12390856367999
3	-1.45018890227126
2	-0.286003441621878
10	-0.515596269794977
9	0.587906334437539
9	0.985536663931639
8	0.0227977820287902
7	-0.643923817954587
7	0.062630925625357
7	0.39322253886507
6	0.78959063999493
5	-0.348395713062416
5	0.186439301688377
3	-1.08554445524595
3	-0.866306415204101
3	-0.0240774382946113
1	0.455719922984936
12	-1.5625648180263
9	0.19233772070576
9	-0.418883314092946
8	0.0710143958800798
7	1.51707399385853
7	-0.933997632246892
6	0.534231750456865
6	0.632566970407781
5	2.22268628296378
5	-0.644552505988731
5	-0.437030193871601
3	0.948541441487923
1	-2.8584810731186
0	0.737056981584348
11	0.593038730255572
9	-0.295115213078687
9	-0.278196837550275
9	0.552152027995079
8	-1.08522948777253
7	-0.622435861247064
5	0.711916698731134
4	0.0772189340144573
4	0.0643503049382547
4	0.569546222096268
4	-0.984295308089803
4	0.914780740831614
2	-0.418819930402579
2	0.20108897927856
12	-0.489725257126132
8	1.16564430306631
8	1.49566774912385
7	0.362943655718831
6	-0.0833312393064546
6	-1.62239773956638
5	-0.35975472353262
5	0.355208936571168
5	0.0792257213170582
4	1.37841526360709
4	0.907292877173348
4	-3.95482782417032
3	2.10838132094031
2	-1.34274304381605
10	1.10943475083473
10	-0.174718534524466
10	0.863087976493384
8	-0.416672525175631
7	0.0369598990358895
7	-0.304916373391843
6	-1.04765945994376
6	-0.00775358505428508
5	0.101904827783472
5	0.392919575509096
3	0.438607414831587
3	-0.159879705670567
2	0.778489172366468
1	-1.60980343309407
11	-0.210231287308411
9	0.11855643912417
8	1.66822227606235
8	-0.430209965637319
7	-1.2317733195584
7	0.340540790130498
6	1.01092679506244
6	0.297231782351601
6	1.97431920136727
5	-0.704681192610298
5	0.436422113964103
4	-0.805199193805274
3	-0.776110190519039
2	-1.68801424862369
11	0.146565067470139
9	-0.324836436818842
8	1.07166027124589
8	0.331395010445855
7	-0.610952345330259
7	-0.641204729302701
7	0.257504973422173
6	2.63952791345329
6	0.168010933916429
5	0.729139630334282
4	-0.668917715122262
3	-0.810490097987479
2	-1.10149159534264
1	-1.18591088038388
12	5.94354084866598
10	2.90545065464594
10	-0.956514698805712
9	1.26966908532783
9	-0.49040876983879
9	-1.06316737578922
8	-1.8216533974178
6	0.652878594879424
5	-1.45193358020953
4	-0.924173673808906
3	-0.26331939354782
3	-0.609524314165316
1	-0.678571424915643
1	-2.51227255502044
12	1.80871649728486
8	0.964449735194933
8	0.51238600990408
7	-1.2201391501665
7	-0.765953291294078
7	-0.721143049726996
6	-2.03743779682551
6	0.723277681257645
6	0.682133829776849
6	-0.149290245357877
4	-0.00602030836910651
4	-0.139872892408261
4	1.0090018010936
2	-0.660108820363636
10	-0.206536714749805
10	0.0526258688226168
9	3.1160743353383
8	-0.520118394216563
7	0.298350664699007
6	-0.660223496026468
6	0.336999577912718
6	-0.690956212267963
6	0.675937452761066
6	-0.570215979674193
5	0.137913072571731
4	-0.181426901963527
4	-0.104119315008669
1	-1.68430395819825
11	0.140242910275215
11	-0.495835684470604
10	1.78963210304365
7	0.589266071570765
7	0.599792807182867
7	-0.0997675496401988
7	0.420070229916658
7	-0.36231235004153
5	0.830753025465892
4	-1.45345538028931
4	-0.404119347257301
3	0.0308114329943307
2	-0.151727427384555
2	-1.43335084136588
10	0.143923365800042
10	0.172387768471825
10	1.45225265970099
9	0.455884547529184
8	0.102662974058959
6	-1.16254664241701
5	0.631531113606366
5	0.448606035173387
4	-2.53461534041699
3	-0.414029882147361
3	0.229794437646115
3	0.181645760823444
1	1.04066806747815
1	-0.748164865307099
10	1.09377066665984
9	1.58988078573209
9	1.24124811426302
8	-0.427159570795498
8	-0.053468720308623
7	0.0457784206261942
7	-0.699101324410132
7	0.536778373838566
6	-0.664074049748089
5	1.49854180939021
3	0.710899957712469
2	0.930455115665884
2	-5.28948119210233
2	-0.51406838652361
10	1.72617029202966
9	-0.537825454090017
8	0.374357895672366
8	-0.262227619730105
7	0.214369152744517
7	-0.868188526256062
6	0.864049659856448
5	0.0493776330362524
5	1.49732551225866
5	-1.31601696283518
5	-1.74450463415099
3	0.584315436593819
3	-0.543832826665187
2	-0.0373695584641787
10	-1.12285761627977
8	-0.156474306583524
8	-0.181633031276678
8	-0.334673704232155
7	0.757751041282947
7	-0.0788452675245587
7	1.01792733323885
6	-0.408698167266638
6	0.103526285580681
5	0.665412413172348
4	-0.97052259001419
4	-0.183967071193214
4	-0.25075191301576
2	1.14380659411166
6	-0.616123219646067
6	1.77608326457478
5	1.50856542857568
5	0.818249086622355
5	-0.566297149603125
5	-0.0764184687678415
5	0.0997576749224915
4	-2.11299881077052
4	-1.22736323872212
3	-0.0689882992438662
3	-0.663877611795085
2	0.357280285060379
1	0.687408304118155
0	0.084722754674788
9	-0.941565239237673
8	-0.0476213652454914
8	0.593287493730286
8	-0.449323844217006
8	-0.406729729279934
7	0.0934587962927705
7	-2.02765926713548
6	2.11703046095969
6	-0.302304953567281
6	-0.954934900142017
5	0.731857282691394
4	0.470923906683504
2	0.992215015373647
0	0.131366343093589
12	0.847494897219412
11	1.05823281386724
9	-0.509091251782313
9	-1.0202155766771
8	0.725024147137932
7	0.498528105213892
5	-0.764133178138574
4	0.126811969470447
4	0.293656931496291
3	-0.243328556803791
3	0.72694508406061
3	-0.982329412091713
3	-0.996504568186892
1	0.238908595214555
11	1.49562419769313
10	1.00551281131679
10	-0.425852059216095
10	0.973209357127032
8	0.369203471853671
6	0.0165393187481206
5	-1.23685753269211
4	-0.17788062116299
4	-0.564432464072809
4	1.27199253372595
4	-0.0481421989929319
3	0.730115130950818
3	-0.118838391801701
2	-3.29019355347688
13	0.661357023066578
11	-0.443848502754045
9	-0.500448529349005
9	0.0468222739325906
7	-1.5835679248479
7	-0.144373349031486
6	-0.193744834030494
6	-0.16545539425783
5	0.432475217174284
5	0.418284167012517
5	0.427734421600441
3	-0.0554980856888532
2	1.51369912996685
0	-0.413435612793649
10	-0.170040050004853
9	0.0674577481361225
9	-0.191686431084166
8	1.33499076944027
7	-1.67795320740531
7	-0.240553497296062
7	0.528870168398224
6	-0.0901040269428454
5	1.23651237150188
5	0.715124559593747
5	-0.344473715997792
4	-0.66038998399241
4	0.441481066249672
0	-0.949235770596476
11	1.13916474009659
10	1.48877635221969
10	0.321677586431067
9	2.93079846335919
8	0.20904406696361
6	-0.295424551652768
6	-0.753435473556775
6	-0.17262444983462
4	-0.917744092048313
4	-1.49781440476567
4	-1.21815384125915
3	-1.3921845683654
3	0.254679918589718
2	-0.0967597461771625
5	0.133106291687995
5	-0.062985582210597
4	0.248663521964546
3	1.05884084064847
3	-0.0188502078410458
3	0.155820926274947
2	0.196956387969972
2	-0.197023055993155
2	-1.3052006841539
1	-0.26376046460352
1	0.155734829938534
1	0.192502165040932
0	0.443594134582779
0	-0.737399103305963
10	0.85841236667463
7	-1.21823663827718
7	0.503359001092096
7	0.156295603280549
7	-0.320580526217446
7	-3.31891399199056
6	1.09781743456746
6	0.0377467264927354
5	-0.633794413539549
5	1.54960919309773
4	-0.215748174674579
4	-0.884604143687979
4	1.39266142613978
3	0.995976137042315
11	1.03946591212947
10	-0.104969651490849
10	0.0437070121912053
9	-0.14386727320757
8	-0.18007587772518
7	-0.644161033682801
6	-0.660921088876393
6	-3.45979391110551
6	-0.0828505312990843
5	-0.183980471510346
5	0.596360189093298
4	-0.395843334117338
2	2.99655460459538
1	1.18037545500572
11	0.791055633573865
10	1.77300919543431
10	0.306909492260146
9	0.476863167677667
9	0.927104491745588
9	0.386027275775971
6	0.0411078244892719
4	-0.754602011284513
4	0.142052868004956
4	-0.550139010332456
4	-1.75118957747764
3	0.839037204568909
2	-1.33016362904851
2	-1.29707292538756
10	-0.135068228239739
9	-0.558795723463823
9	0.437113497882951
9	-0.531167646651833
8	1.79560355043823
8	1.4512581994397
7	1.94715527358347
6	-0.538160638562434
6	-0.138855531222279
5	-0.310324434567773
4	-0.365881711554401
2	-1.21120690054408
2	-0.759157114636629
1	-1.08251259190135
10	2.4030261015065
8	0.906010186800068
7	0.318402006168791
6	0.788200499063209
6	-0.419673277620743
5	-0.102487827987108
3	-0.323000320168376
3	-0.26507049889632
3	1.17421636052076
3	-1.15648318823623
3	-2.24083974229051
2	0.996537468651618
2	-0.431636688531425
0	-1.64720107898022
10	1.20027445259975
8	0.858383587194589
7	0.631573215026452
7	2.80487481839068
7	1.32712570022336
7	-1.96667118104484
6	0.158492314838016
5	-0.248985557340702
4	-1.13350312124275
4	-0.482180253837113
4	-0.161876919538065
3	0.28045113067511
2	-3.30221308061588
2	0.0342548946714042
9	0.837809361832126
8	-0.42000446410249
8	0.860017084608071
8	1.75075646813524
7	-1.12783562316332
7	0.882014995383295
7	-1.07406086939285
6	0.172888783030567
5	-0.314822694620101
4	0.153863107616741
4	-0.0126095937877587
3	-0.210373910347656
2	2.9589587383614
2	-4.45660138355327
9	1.32089013773508
9	-0.0312809333137329
9	0.441280606336831
9	0.026684850586206
8	-0.844762405466746
7	0.270661223940655
5	-0.994774693114749
5	0.600896050165424
4	-0.445326498689269
4	-0.123090590488782
4	0.374725939198055
3	0.647970423016957
3	0.702595240534199
3	-1.94646935044013
11	-0.145914592763075
10	2.22755398146375
9	1.25813204690146
8	-0.00123795825655875
8	0.556667472008718
6	-0.435613498323321
5	-0.331745970901689
5	-0.677093826096325
5	0.125106765706142
5	0.302859864505985
5	0.0484722504226464
4	-0.482524655164767
4	-0.633258811534345
1	-1.81140306796862
9	0.438992537143325
9	1.01118187083973
9	1.10909197257394
8	0.616011073662063
7	-0.469647144014756
7	-0.439600666952716
6	0.0524523378565951
6	-0.361644252231512
5	-1.26171994506191
4	-0.557796414266799
4	-1.30246006503829
4	1.32390675039902
3	1.0373704220825
1	-1.19613847699118
9	1.46868121410866
8	-0.104333002149634
7	0.392282675082036
7	-1.85108988212927
7	-0.322455531841845
6	-2.51342889621896
6	0.0801317753869392
6	0.6416915386024
5	0.436314154839606
5	-0.288982486740837
4	-0.248483115858187
4	1.0284380641187
3	0.285308407894303
2	0.995925084906103
13	-0.189154833385566
10	1.41961702444682
9	0.360268219322295
9	3.27493350416906
9	0.470679612065026
8	-0.785846317869569
7	-0.567849391390316
6	0.310918872100307
5	-1.34173668474166
4	-0.894613160194939
4	1.61513601786579
3	-1.78394130698793
2	-0.659639790385273
1	-1.22877176501404
12	0.857839168756989
11	1.13701403385509
10	-1.20938016254513
9	1.10137540040578
8	0.061906448328617
6	-0.433006675216221
6	0.00679114876215512
6	1.83246463841656
5	-0.450853563104234
4	-0.0822960064217516
4	-0.084570942696255
4	-1.68583502908897
2	-0.168107577803798
2	-0.883340881648819
12	0.773131602102887
10	0.182353982308348
9	-0.418010907108887
8	-0.507476770536707
6	1.25637205228592
6	-0.122646985493588
6	0.571014129990547
6	0.223332020513883
5	-0.429216375256044
5	-2.55427856931343
5	0.0812014193445114
4	0.175954341952402
2	1.40500761582519
2	-0.636737556615032
6	2.00618204019614
5	-0.0417880384021531
4	-0.371283424686164
4	0.536081726429584
4	-0.226909778945182
4	1.07951260032899
3	-0.751844064270591
3	-0.760034741825427
3	-0.761732453410475
2	-0.0996835255489378
2	0.347223136813453
1	-0.279119507086869
0	-0.507058721826222
0	-0.169545247766152
5	1.68207933432254
4	0.933614430965911
3	0.103231544951799
3	2.53128657392335
3	0.872125652045396
2	0.307676559140154
2	2.77429170628578
2	-5.03007727137276
1	-0.689794619062912
1	0.0279781595473071
1	0.638519292771877
1	-3.96850718339823
0	-0.745630897096863
0	0.563206716976651
10	-0.147196795804401
10	0.246665644335339
10	0.905474203881218
7	-0.994892329989482
7	1.76340439311383
6	0.27542363414593
6	-0.678405983467778
6	-0.556013491159291
4	-0.283349140269107
4	-1.34132582689179
4	0.00309779970432859
3	-2.54507304429581
3	3.21818938657415
3	0.134001550122871
11	-0.186647211594205
10	0.895719684032832
8	0.108130346505467
8	1.11120314056282
7	0.174992787032146
7	0.980115776208483
7	-0.231861470459687
6	1.43986924233959
5	1.77325449275312
5	-3.79159013081822
4	-1.20398272122883
3	0.707035138851843
3	-1.74595084335555
3	-0.0302882308298112
11	-2.37491212343833
9	0.858207605036921
8	-0.762273999859814
7	1.21380099572082
7	0.267037267222666
6	1.27432289112587
6	0.689611397147344
6	-0.972212329307811
5	-0.834134544493785
4	-1.14025554686626
4	0.455700123605135
4	-0.474182343886611
3	2.20138237262398
3	-0.402091764630127
10	0.636168629597985
9	-0.199527355284704
9	0.957722697398277
8	-0.494292823831474
7	0.583857543577791
7	-0.172834446737527
7	0.101953191132387
6	-0.231994929245302
5	-0.754161485149246
5	-0.00951818368551236
4	-0.106540372284076
4	-0.109262917040565
3	0.470799723704136
0	-0.67236927215217
10	0.392808438409826
8	1.33484228487065
8	0.657855067523218
8	-0.430859803513173
7	-0.0502031086625737
6	1.10620216570554
6	1.71565544677348
6	-1.6934100231444
5	2.70377601328084
4	1.42204033964319
4	-0.42469572102989
4	0.216937467922799
3	-0.995552396513357
1	-5.95539617126615
8	0.66543216506307
7	-0.533662645803353
7	-0.695139248928877
7	0.943320123076662
6	0.87821091474037
5	0.445140630405796
5	-0.0948232102870235
5	0.0566829157904088
5	0.39022025514503
5	0.56653501198867
2	-0.126813844419132
2	-0.850835530367678
2	-3.86136162000485
2	2.21709408360091
11	2.69894570686964
11	-0.496025433806176
10	-0.0797692122737927
9	-0.0528980260671073
8	1.55265928505302
7	-0.427252602371234
7	-0.814864093721762
5	0.310281457967704
5	-0.442328295267925
4	-1.74973188658542
4	-0.134859626361262
4	0.417995031914306
3	-0.159669391183121
2	-0.622482914166871
13	0.938428794123845
12	-0.282899971978395
10	0.646607046127181
9	-0.0709377679361034
7	-0.372754652108964
7	0.569628060131516
6	-2.46239995289381
5	-1.238197177159
5	1.34489237407465
5	0.0621497039547804
3	1.95819661782215
3	-0.544120377781368
2	0.0236329994093373
1	-0.572225695785829
9	0.22615021274239
9	-0.23546040781381
8	0.724439215744316
8	-0.591930797559706
8	0.702882245883524
7	0.0736775193536204
7	-1.82365380776739
6	-1.00593240039405
6	-0.100509095645682
5	2.07456922411589
3	1.343526108599
3	-0.706477335313955
2	-0.753637704905171
1	0.0723570229610282
9	-0.232031067507052
9	-0.508896933926893
9	0.319100021797949
8	-0.878840710908773
7	1.02086645598547
6	-0.311350913034482
6	1.84964952123147
6	0.66940647866061
5	0.737823020467143
5	-0.199962327637016
5	0.542904491713348
5	-0.0472144971896089
5	-0.238137870689112
1	-2.72331566896305
13	0.248537065507034
10	0.555549677356244
9	0.627297742279014
8	-0.695360052279017
8	-0.0489815810309543
7	0.483023247697481
6	-1.27654082405619
5	-0.754659168813513
5	0.0351003250959462
5	-1.28076369811522
3	0.842609944087146
3	-0.440276740245116
2	1.17798892625558
1	0.526475136261562
10	0.638586059667894
9	0.0847248562165435
9	1.03197959500211
9	-0.442251915533921
8	-0.329426473734196
7	-0.1550364975064
6	0.800329224330987
6	-0.414793836678504
6	-0.497932283934829
6	-0.362791938261341
5	-0.0525863567856191
5	0.326645024324798
2	0.0800153474023709
1	-0.707460804509894
11	-0.317370329953235
9	0.662207966271615
9	0.0402936680193074
8	0.571680763978686
8	0.133671601835203
7	0.286971388936191
7	-0.150265003035485
6	0.668669909483364
4	1.01885082405948
4	-0.603799740492324
4	-0.512844019536682
3	-3.16998757501992
2	1.45123233159066
2	-0.0793117861368633
10	0.782574584148983
9	-0.398255611852267
9	0.327432769154208
9	0.478017855608461
8	0.908231894366247
7	-0.394227787070936
7	0.905759079338573
6	-0.197910194188739
5	0.323716911718525
5	-2.40764815650457
4	1.13252005401169
4	-0.161286056295125
2	-1.38506883243449
1	0.0861434899994442
10	-3.07728372530762
10	0.392380625617185
8	0.124239418944252
8	1.55929197418453
6	-0.0665374026961982
6	0.884527156936759
6	-0.190040840183547
5	0.59002382944998
4	0.652713207635122
4	0.566735223319715
4	-0.00835300337325933
3	-0.731524938342797
3	-0.91070990467174
1	0.214538378487616
9	-1.21086970508806
8	-0.887303092312846
8	0.636350343332209
8	0.151787987524008
7	0.253908815899421
7	-0.0133832346566303
7	0.387714163474855
6	-0.292837979175214
6	0.484226019800803
5	0.77035996778587
4	1.45953261655728
4	0.000404602454206379
2	-1.03619059209908
2	-0.703699913496818
